0.01,7.3166e-008
0.02,7.3166e-008
0.03,7.3166e-008
0.04,7.31661e-008
0.05,7.31662e-008
0.06,7.31663e-008
0.07,7.31664e-008
0.08,7.31665e-008
0.09,7.31667e-008
0.1,7.31668e-008
0.11,7.3167e-008
0.12,7.31672e-008
0.13,7.31675e-008
0.14,7.31677e-008
0.15,7.3168e-008
0.16,7.31682e-008
0.17,7.31685e-008
0.18,7.31688e-008
0.19,7.31692e-008
0.2,7.31695e-008
0.21,7.31699e-008
0.22,7.31703e-008
0.23,7.31707e-008
0.24,7.31711e-008
0.25,7.31715e-008
0.26,7.3172e-008
0.27,7.31724e-008
0.28,7.31729e-008
0.29,7.31734e-008
0.3,7.3174e-008
0.31,7.31745e-008
0.32,7.31751e-008
0.33,7.31757e-008
0.34,7.31763e-008
0.35,7.31769e-008
0.36,7.31775e-008
0.37,7.31781e-008
0.38,7.31788e-008
0.39,7.31795e-008
0.4,7.31802e-008
0.41,7.31809e-008
0.42,7.31817e-008
0.43,7.31824e-008
0.44,7.31832e-008
0.45,7.3184e-008
0.46,7.31848e-008
0.47,7.31856e-008
0.48,7.31865e-008
0.49,7.31873e-008
0.5,7.31882e-008
0.51,7.31891e-008
0.52,7.319e-008
0.53,7.3191e-008
0.54,7.31919e-008
0.55,7.31929e-008
0.56,7.31939e-008
0.57,7.31949e-008
0.58,7.31959e-008
0.59,7.3197e-008
0.6,7.3198e-008
0.61,7.31991e-008
0.62,7.32002e-008
0.63,7.32013e-008
0.64,7.32024e-008
0.65,7.32036e-008
0.66,7.32048e-008
0.67,7.32059e-008
0.68,7.32072e-008
0.69,7.32084e-008
0.7,7.32096e-008
0.71,7.32109e-008
0.72,7.32121e-008
0.73,7.32134e-008
0.74,7.32147e-008
0.75,7.32161e-008
0.76,7.32174e-008
0.77,7.32188e-008
0.78,7.32202e-008
0.79,7.32216e-008
0.8,7.3223e-008
0.81,7.32244e-008
0.82,7.32259e-008
0.83,7.32273e-008
0.84,7.32288e-008
0.85,7.32303e-008
0.86,7.32319e-008
0.87,7.32334e-008
0.88,7.3235e-008
0.89,7.32365e-008
0.9,7.32381e-008
0.91,7.32398e-008
0.92,7.32414e-008
0.93,7.3243e-008
0.94,7.32447e-008
0.95,7.32464e-008
0.96,7.32481e-008
0.97,7.32498e-008
0.98,7.32516e-008
0.99,7.32533e-008
1,7.32551e-008
1.01,7.32569e-008
1.02,7.32587e-008
1.03,7.32605e-008
1.04,7.32624e-008
1.05,7.32642e-008
1.06,7.32661e-008
1.07,7.3268e-008
1.08,7.32699e-008
1.09,7.32719e-008
1.1,7.32738e-008
1.11,7.32758e-008
1.12,7.32778e-008
1.13,7.32798e-008
1.14,7.32818e-008
1.15,7.32839e-008
1.16,7.32859e-008
1.17,7.3288e-008
1.18,7.32901e-008
1.19,7.32922e-008
1.2,7.32943e-008
1.21,7.32965e-008
1.22,7.32987e-008
1.23,7.33009e-008
1.24,7.33031e-008
1.25,7.33053e-008
1.26,7.33075e-008
1.27,7.33098e-008
1.28,7.33121e-008
1.29,7.33144e-008
1.3,7.33167e-008
1.31,7.3319e-008
1.32,7.33213e-008
1.33,7.33237e-008
1.34,7.33261e-008
1.35,7.33285e-008
1.36,7.33309e-008
1.37,7.33334e-008
1.38,7.33358e-008
1.39,7.33383e-008
1.4,7.33408e-008
1.41,7.33433e-008
1.42,7.33458e-008
1.43,7.33484e-008
1.44,7.33509e-008
1.45,7.33535e-008
1.46,7.33561e-008
1.47,7.33587e-008
1.48,7.33614e-008
1.49,7.3364e-008
1.5,7.33667e-008
1.51,7.33694e-008
1.52,7.33721e-008
1.53,7.33748e-008
1.54,7.33776e-008
1.55,7.33803e-008
1.56,7.33831e-008
1.57,7.33859e-008
1.58,7.33887e-008
1.59,7.33916e-008
1.6,7.33944e-008
1.61,7.33973e-008
1.62,7.34002e-008
1.63,7.34031e-008
1.64,7.3406e-008
1.65,7.3409e-008
1.66,7.34119e-008
1.67,7.34149e-008
1.68,7.34179e-008
1.69,7.34209e-008
1.7,7.34239e-008
1.71,7.3427e-008
1.72,7.34301e-008
1.73,7.34331e-008
1.74,7.34363e-008
1.75,7.34394e-008
1.76,7.34425e-008
1.77,7.34457e-008
1.78,7.34489e-008
1.79,7.3452e-008
1.8,7.34553e-008
1.81,7.34585e-008
1.82,7.34617e-008
1.83,7.3465e-008
1.84,7.34683e-008
1.85,7.34716e-008
1.86,7.34749e-008
1.87,7.34783e-008
1.88,7.34816e-008
1.89,7.3485e-008
1.9,7.34884e-008
1.91,7.34918e-008
1.92,7.34952e-008
1.93,7.34987e-008
1.94,7.35022e-008
1.95,7.35056e-008
1.96,7.35091e-008
1.97,7.35127e-008
1.98,7.35162e-008
1.99,7.35198e-008
2,7.35233e-008
2.01,7.35269e-008
2.02,7.35306e-008
2.03,7.35342e-008
2.04,7.35378e-008
2.05,7.35415e-008
2.06,7.35452e-008
2.07,7.35489e-008
2.08,7.35526e-008
2.09,7.35564e-008
2.1,7.35601e-008
2.11,7.35639e-008
2.12,7.35677e-008
2.13,7.35715e-008
2.14,7.35753e-008
2.15,7.35792e-008
2.16,7.3583e-008
2.17,7.35869e-008
2.18,7.35908e-008
2.19,7.35948e-008
2.2,7.35987e-008
2.21,7.36027e-008
2.22,7.36066e-008
2.23,7.36106e-008
2.24,7.36146e-008
2.25,7.36187e-008
2.26,7.36227e-008
2.27,7.36268e-008
2.28,7.36309e-008
2.29,7.3635e-008
2.3,7.36391e-008
2.31,7.36432e-008
2.32,7.36474e-008
2.33,7.36516e-008
2.34,7.36558e-008
2.35,7.366e-008
2.36,7.36642e-008
2.37,7.36685e-008
2.38,7.36727e-008
2.39,7.3677e-008
2.4,7.36813e-008
2.41,7.36857e-008
2.42,7.369e-008
2.43,7.36944e-008
2.44,7.36987e-008
2.45,7.37031e-008
2.46,7.37076e-008
2.47,7.3712e-008
2.48,7.37164e-008
2.49,7.37209e-008
2.5,7.37254e-008
2.51,7.37299e-008
2.52,7.37344e-008
2.53,7.3739e-008
2.54,7.37435e-008
2.55,7.37481e-008
2.56,7.37527e-008
2.57,7.37573e-008
2.58,7.3762e-008
2.59,7.37666e-008
2.6,7.37713e-008
2.61,7.3776e-008
2.62,7.37807e-008
2.63,7.37854e-008
2.64,7.37902e-008
2.65,7.37949e-008
2.66,7.37997e-008
2.67,7.38045e-008
2.68,7.38093e-008
2.69,7.38142e-008
2.7,7.3819e-008
2.71,7.38239e-008
2.72,7.38288e-008
2.73,7.38337e-008
2.74,7.38387e-008
2.75,7.38436e-008
2.76,7.38486e-008
2.77,7.38536e-008
2.78,7.38586e-008
2.79,7.38636e-008
2.8,7.38686e-008
2.81,7.38737e-008
2.82,7.38788e-008
2.83,7.38839e-008
2.84,7.3889e-008
2.85,7.38941e-008
2.86,7.38993e-008
2.87,7.39044e-008
2.88,7.39096e-008
2.89,7.39148e-008
2.9,7.39201e-008
2.91,7.39253e-008
2.92,7.39306e-008
2.93,7.39359e-008
2.94,7.39412e-008
2.95,7.39465e-008
2.96,7.39518e-008
2.97,7.39572e-008
2.98,7.39626e-008
2.99,7.39679e-008
3,7.39734e-008
3.01,7.39788e-008
3.02,7.39842e-008
3.03,7.39897e-008
3.04,7.39952e-008
3.05,7.40007e-008
3.06,7.40062e-008
3.07,7.40118e-008
3.08,7.40173e-008
3.09,7.40229e-008
3.1,7.40285e-008
3.11,7.40341e-008
3.12,7.40398e-008
3.13,7.40454e-008
3.14,7.40511e-008
3.15,7.40568e-008
3.16,7.40625e-008
3.17,7.40682e-008
3.18,7.4074e-008
3.19,7.40797e-008
3.2,7.40855e-008
3.21,7.40913e-008
3.22,7.40972e-008
3.23,7.4103e-008
3.24,7.41089e-008
3.25,7.41147e-008
3.26,7.41206e-008
3.27,7.41266e-008
3.28,7.41325e-008
3.29,7.41385e-008
3.3,7.41444e-008
3.31,7.41504e-008
3.32,7.41564e-008
3.33,7.41625e-008
3.34,7.41685e-008
3.35,7.41746e-008
3.36,7.41807e-008
3.37,7.41868e-008
3.38,7.41929e-008
3.39,7.4199e-008
3.4,7.42052e-008
3.41,7.42114e-008
3.42,7.42176e-008
3.43,7.42238e-008
3.44,7.423e-008
3.45,7.42363e-008
3.46,7.42426e-008
3.47,7.42489e-008
3.48,7.42552e-008
3.49,7.42615e-008
3.5,7.42678e-008
3.51,7.42742e-008
3.52,7.42806e-008
3.53,7.4287e-008
3.54,7.42934e-008
3.55,7.42999e-008
3.56,7.43063e-008
3.57,7.43128e-008
3.58,7.43193e-008
3.59,7.43258e-008
3.6,7.43324e-008
3.61,7.43389e-008
3.62,7.43455e-008
3.63,7.43521e-008
3.64,7.43587e-008
3.65,7.43654e-008
3.66,7.4372e-008
3.67,7.43787e-008
3.68,7.43854e-008
3.69,7.43921e-008
3.7,7.43988e-008
3.71,7.44056e-008
3.72,7.44123e-008
3.73,7.44191e-008
3.74,7.44259e-008
3.75,7.44328e-008
3.76,7.44396e-008
3.77,7.44465e-008
3.78,7.44533e-008
3.79,7.44602e-008
3.8,7.44672e-008
3.81,7.44741e-008
3.82,7.44811e-008
3.83,7.4488e-008
3.84,7.4495e-008
3.85,7.4502e-008
3.86,7.45091e-008
3.87,7.45161e-008
3.88,7.45232e-008
3.89,7.45303e-008
3.9,7.45374e-008
3.91,7.45445e-008
3.92,7.45517e-008
3.93,7.45589e-008
3.94,7.4566e-008
3.95,7.45733e-008
3.96,7.45805e-008
3.97,7.45877e-008
3.98,7.4595e-008
3.99,7.46023e-008
4,7.46096e-008
4.01,7.46169e-008
4.02,7.46242e-008
4.03,7.46316e-008
4.04,7.4639e-008
4.05,7.46464e-008
4.06,7.46538e-008
4.07,7.46612e-008
4.08,7.46687e-008
4.09,7.46762e-008
4.1,7.46837e-008
4.11,7.46912e-008
4.12,7.46987e-008
4.13,7.47063e-008
4.14,7.47138e-008
4.15,7.47214e-008
4.16,7.4729e-008
4.17,7.47367e-008
4.18,7.47443e-008
4.19,7.4752e-008
4.2,7.47597e-008
4.21,7.47674e-008
4.22,7.47751e-008
4.23,7.47829e-008
4.24,7.47906e-008
4.25,7.47984e-008
4.26,7.48062e-008
4.27,7.48141e-008
4.28,7.48219e-008
4.29,7.48298e-008
4.3,7.48376e-008
4.31,7.48455e-008
4.32,7.48535e-008
4.33,7.48614e-008
4.34,7.48694e-008
4.35,7.48774e-008
4.36,7.48854e-008
4.37,7.48934e-008
4.38,7.49014e-008
4.39,7.49095e-008
4.4,7.49176e-008
4.41,7.49256e-008
4.42,7.49338e-008
4.43,7.49419e-008
4.44,7.49501e-008
4.45,7.49582e-008
4.46,7.49664e-008
4.47,7.49746e-008
4.48,7.49829e-008
4.49,7.49911e-008
4.5,7.49994e-008
4.51,7.50077e-008
4.52,7.5016e-008
4.53,7.50244e-008
4.54,7.50327e-008
4.55,7.50411e-008
4.56,7.50495e-008
4.57,7.50579e-008
4.58,7.50663e-008
4.59,7.50748e-008
4.6,7.50832e-008
4.61,7.50917e-008
4.62,7.51002e-008
4.63,7.51088e-008
4.64,7.51173e-008
4.65,7.51259e-008
4.66,7.51345e-008
4.67,7.51431e-008
4.68,7.51517e-008
4.69,7.51604e-008
4.7,7.5169e-008
4.71,7.51777e-008
4.72,7.51864e-008
4.73,7.51952e-008
4.74,7.52039e-008
4.75,7.52127e-008
4.76,7.52215e-008
4.77,7.52303e-008
4.78,7.52391e-008
4.79,7.52479e-008
4.8,7.52568e-008
4.81,7.52657e-008
4.82,7.52746e-008
4.83,7.52835e-008
4.84,7.52925e-008
4.85,7.53014e-008
4.86,7.53104e-008
4.87,7.53194e-008
4.88,7.53285e-008
4.89,7.53375e-008
4.9,7.53466e-008
4.91,7.53557e-008
4.92,7.53648e-008
4.93,7.53739e-008
4.94,7.5383e-008
4.95,7.53922e-008
4.96,7.54014e-008
4.97,7.54106e-008
4.98,7.54198e-008
4.99,7.54291e-008
5,7.54383e-008
5.01,7.54476e-008
5.02,7.54569e-008
5.03,7.54663e-008
5.04,7.54756e-008
5.05,7.5485e-008
5.06,7.54944e-008
5.07,7.55038e-008
5.08,7.55132e-008
5.09,7.55226e-008
5.1,7.55321e-008
5.11,7.55416e-008
5.12,7.55511e-008
5.13,7.55606e-008
5.14,7.55702e-008
5.15,7.55797e-008
5.16,7.55893e-008
5.17,7.55989e-008
5.18,7.56086e-008
5.19,7.56182e-008
5.2,7.56279e-008
5.21,7.56376e-008
5.22,7.56473e-008
5.23,7.5657e-008
5.24,7.56668e-008
5.25,7.56765e-008
5.26,7.56863e-008
5.27,7.56961e-008
5.28,7.5706e-008
5.29,7.57158e-008
5.3,7.57257e-008
5.31,7.57356e-008
5.32,7.57455e-008
5.33,7.57554e-008
5.34,7.57654e-008
5.35,7.57754e-008
5.36,7.57854e-008
5.37,7.57954e-008
5.38,7.58054e-008
5.39,7.58155e-008
5.4,7.58256e-008
5.41,7.58357e-008
5.42,7.58458e-008
5.43,7.58559e-008
5.44,7.58661e-008
5.45,7.58762e-008
5.46,7.58864e-008
5.47,7.58967e-008
5.48,7.59069e-008
5.49,7.59172e-008
5.5,7.59275e-008
5.51,7.59378e-008
5.52,7.59481e-008
5.53,7.59584e-008
5.54,7.59688e-008
5.55,7.59792e-008
5.56,7.59896e-008
5.57,7.6e-008
5.58,7.60105e-008
5.59,7.60209e-008
5.6,7.60314e-008
5.61,7.60419e-008
5.62,7.60524e-008
5.63,7.6063e-008
5.64,7.60736e-008
5.65,7.60842e-008
5.66,7.60948e-008
5.67,7.61054e-008
5.68,7.61161e-008
5.69,7.61267e-008
5.7,7.61374e-008
5.71,7.61481e-008
5.72,7.61589e-008
5.73,7.61696e-008
5.74,7.61804e-008
5.75,7.61912e-008
5.76,7.6202e-008
5.77,7.62129e-008
5.78,7.62237e-008
5.79,7.62346e-008
5.8,7.62455e-008
5.81,7.62565e-008
5.82,7.62674e-008
5.83,7.62784e-008
5.84,7.62894e-008
5.85,7.63004e-008
5.86,7.63114e-008
5.87,7.63224e-008
5.88,7.63335e-008
5.89,7.63446e-008
5.9,7.63557e-008
5.91,7.63669e-008
5.92,7.6378e-008
5.93,7.63892e-008
5.94,7.64004e-008
5.95,7.64116e-008
5.96,7.64228e-008
5.97,7.64341e-008
5.98,7.64454e-008
5.99,7.64567e-008
6,7.6468e-008
6.01,7.64794e-008
6.02,7.64907e-008
6.03,7.65021e-008
6.04,7.65135e-008
6.05,7.6525e-008
6.06,7.65364e-008
6.07,7.65479e-008
6.08,7.65594e-008
6.09,7.65709e-008
6.1,7.65824e-008
6.11,7.6594e-008
6.12,7.66056e-008
6.13,7.66172e-008
6.14,7.66288e-008
6.15,7.66404e-008
6.16,7.66521e-008
6.17,7.66638e-008
6.18,7.66755e-008
6.19,7.66872e-008
6.2,7.6699e-008
6.21,7.67107e-008
6.22,7.67225e-008
6.23,7.67343e-008
6.24,7.67462e-008
6.25,7.6758e-008
6.26,7.67699e-008
6.27,7.67818e-008
6.28,7.67937e-008
6.29,7.68057e-008
6.3,7.68176e-008
6.31,7.68296e-008
6.32,7.68416e-008
6.33,7.68537e-008
6.34,7.68657e-008
6.35,7.68778e-008
6.36,7.68899e-008
6.37,7.6902e-008
6.38,7.69141e-008
6.39,7.69263e-008
6.4,7.69385e-008
6.41,7.69507e-008
6.42,7.69629e-008
6.43,7.69751e-008
6.44,7.69874e-008
6.45,7.69997e-008
6.46,7.7012e-008
6.47,7.70243e-008
6.48,7.70367e-008
6.49,7.7049e-008
6.5,7.70614e-008
6.51,7.70739e-008
6.52,7.70863e-008
6.53,7.70988e-008
6.54,7.71112e-008
6.55,7.71237e-008
6.56,7.71363e-008
6.57,7.71488e-008
6.58,7.71614e-008
6.59,7.7174e-008
6.6,7.71866e-008
6.61,7.71992e-008
6.62,7.72119e-008
6.63,7.72246e-008
6.64,7.72373e-008
6.65,7.725e-008
6.66,7.72627e-008
6.67,7.72755e-008
6.68,7.72883e-008
6.69,7.73011e-008
6.7,7.73139e-008
6.71,7.73268e-008
6.72,7.73397e-008
6.73,7.73526e-008
6.74,7.73655e-008
6.75,7.73784e-008
6.76,7.73914e-008
6.77,7.74044e-008
6.78,7.74174e-008
6.79,7.74304e-008
6.8,7.74435e-008
6.81,7.74566e-008
6.82,7.74697e-008
6.83,7.74828e-008
6.84,7.74959e-008
6.85,7.75091e-008
6.86,7.75223e-008
6.87,7.75355e-008
6.88,7.75487e-008
6.89,7.7562e-008
6.9,7.75753e-008
6.91,7.75886e-008
6.92,7.76019e-008
6.93,7.76152e-008
6.94,7.76286e-008
6.95,7.7642e-008
6.96,7.76554e-008
6.97,7.76688e-008
6.98,7.76823e-008
6.99,7.76957e-008
7,7.77093e-008
7.01,7.77228e-008
7.02,7.77363e-008
7.03,7.77499e-008
7.04,7.77635e-008
7.05,7.77771e-008
7.06,7.77907e-008
7.07,7.78044e-008
7.08,7.78181e-008
7.09,7.78318e-008
7.1,7.78455e-008
7.11,7.78592e-008
7.12,7.7873e-008
7.13,7.78868e-008
7.14,7.79006e-008
7.15,7.79145e-008
7.16,7.79283e-008
7.17,7.79422e-008
7.18,7.79561e-008
7.19,7.797e-008
7.2,7.7984e-008
7.21,7.7998e-008
7.22,7.8012e-008
7.23,7.8026e-008
7.24,7.804e-008
7.25,7.80541e-008
7.26,7.80682e-008
7.27,7.80823e-008
7.28,7.80964e-008
7.29,7.81106e-008
7.3,7.81248e-008
7.31,7.8139e-008
7.32,7.81532e-008
7.33,7.81674e-008
7.34,7.81817e-008
7.35,7.8196e-008
7.36,7.82103e-008
7.37,7.82247e-008
7.38,7.8239e-008
7.39,7.82534e-008
7.4,7.82678e-008
7.41,7.82822e-008
7.42,7.82967e-008
7.43,7.83112e-008
7.44,7.83257e-008
7.45,7.83402e-008
7.46,7.83548e-008
7.47,7.83693e-008
7.48,7.83839e-008
7.49,7.83985e-008
7.5,7.84132e-008
7.51,7.84278e-008
7.52,7.84425e-008
7.53,7.84572e-008
7.54,7.8472e-008
7.55,7.84867e-008
7.56,7.85015e-008
7.57,7.85163e-008
7.58,7.85311e-008
7.59,7.8546e-008
7.6,7.85609e-008
7.61,7.85758e-008
7.62,7.85907e-008
7.63,7.86056e-008
7.64,7.86206e-008
7.65,7.86356e-008
7.66,7.86506e-008
7.67,7.86656e-008
7.68,7.86807e-008
7.69,7.86958e-008
7.7,7.87109e-008
7.71,7.8726e-008
7.72,7.87412e-008
7.73,7.87563e-008
7.74,7.87715e-008
7.75,7.87868e-008
7.76,7.8802e-008
7.77,7.88173e-008
7.78,7.88326e-008
7.79,7.88479e-008
7.8,7.88632e-008
7.81,7.88786e-008
7.82,7.8894e-008
7.83,7.89094e-008
7.84,7.89249e-008
7.85,7.89403e-008
7.86,7.89558e-008
7.87,7.89713e-008
7.88,7.89868e-008
7.89,7.90024e-008
7.9,7.9018e-008
7.91,7.90336e-008
7.92,7.90492e-008
7.93,7.90649e-008
7.94,7.90805e-008
7.95,7.90962e-008
7.96,7.9112e-008
7.97,7.91277e-008
7.98,7.91435e-008
7.99,7.91593e-008
8,7.91751e-008
8.01,7.91909e-008
8.02,7.92068e-008
8.03,7.92227e-008
8.04,7.92386e-008
8.05,7.92546e-008
8.06,7.92705e-008
8.07,7.92865e-008
8.08,7.93025e-008
8.09,7.93186e-008
8.1,7.93346e-008
8.11,7.93507e-008
8.12,7.93668e-008
8.13,7.93829e-008
8.14,7.93991e-008
8.15,7.94153e-008
8.16,7.94315e-008
8.17,7.94477e-008
8.18,7.9464e-008
8.19,7.94803e-008
8.2,7.94966e-008
8.21,7.95129e-008
8.22,7.95292e-008
8.23,7.95456e-008
8.24,7.9562e-008
8.25,7.95784e-008
8.26,7.95949e-008
8.27,7.96114e-008
8.28,7.96279e-008
8.29,7.96444e-008
8.3,7.96609e-008
8.31,7.96775e-008
8.32,7.96941e-008
8.33,7.97107e-008
8.34,7.97274e-008
8.35,7.97441e-008
8.36,7.97607e-008
8.37,7.97775e-008
8.38,7.97942e-008
8.39,7.9811e-008
8.4,7.98278e-008
8.41,7.98446e-008
8.42,7.98614e-008
8.43,7.98783e-008
8.44,7.98952e-008
8.45,7.99121e-008
8.46,7.99291e-008
8.47,7.9946e-008
8.48,7.9963e-008
8.49,7.998e-008
8.5,7.99971e-008
8.51,8.00142e-008
8.52,8.00312e-008
8.53,8.00484e-008
8.54,8.00655e-008
8.55,8.00827e-008
8.56,8.00999e-008
8.57,8.01171e-008
8.58,8.01343e-008
8.59,8.01516e-008
8.6,8.01689e-008
8.61,8.01862e-008
8.62,8.02035e-008
8.63,8.02209e-008
8.64,8.02383e-008
8.65,8.02557e-008
8.66,8.02732e-008
8.67,8.02906e-008
8.68,8.03081e-008
8.69,8.03257e-008
8.7,8.03432e-008
8.71,8.03608e-008
8.72,8.03784e-008
8.73,8.0396e-008
8.74,8.04136e-008
8.75,8.04313e-008
8.76,8.0449e-008
8.77,8.04667e-008
8.78,8.04845e-008
8.79,8.05022e-008
8.8,8.052e-008
8.81,8.05379e-008
8.82,8.05557e-008
8.83,8.05736e-008
8.84,8.05915e-008
8.85,8.06094e-008
8.86,8.06274e-008
8.87,8.06454e-008
8.88,8.06634e-008
8.89,8.06814e-008
8.9,8.06994e-008
8.91,8.07175e-008
8.92,8.07356e-008
8.93,8.07538e-008
8.94,8.07719e-008
8.95,8.07901e-008
8.96,8.08083e-008
8.97,8.08265e-008
8.98,8.08448e-008
8.99,8.08631e-008
9,8.08814e-008
9.01,8.08997e-008
9.02,8.09181e-008
9.03,8.09365e-008
9.04,8.09549e-008
9.05,8.09734e-008
9.06,8.09918e-008
9.07,8.10103e-008
9.08,8.10288e-008
9.09,8.10474e-008
9.1,8.1066e-008
9.11,8.10846e-008
9.12,8.11032e-008
9.13,8.11218e-008
9.14,8.11405e-008
9.15,8.11592e-008
9.16,8.11779e-008
9.17,8.11967e-008
9.18,8.12155e-008
9.19,8.12343e-008
9.2,8.12531e-008
9.21,8.1272e-008
9.22,8.12909e-008
9.23,8.13098e-008
9.24,8.13287e-008
9.25,8.13477e-008
9.26,8.13667e-008
9.27,8.13857e-008
9.28,8.14048e-008
9.29,8.14238e-008
9.3,8.14429e-008
9.31,8.14621e-008
9.32,8.14812e-008
9.33,8.15004e-008
9.34,8.15196e-008
9.35,8.15388e-008
9.36,8.15581e-008
9.37,8.15774e-008
9.38,8.15967e-008
9.39,8.1616e-008
9.4,8.16354e-008
9.41,8.16548e-008
9.42,8.16742e-008
9.43,8.16936e-008
9.44,8.17131e-008
9.45,8.17326e-008
9.46,8.17521e-008
9.47,8.17717e-008
9.48,8.17913e-008
9.49,8.18109e-008
9.5,8.18305e-008
9.51,8.18502e-008
9.52,8.18699e-008
9.53,8.18896e-008
9.54,8.19093e-008
9.55,8.19291e-008
9.56,8.19489e-008
9.57,8.19687e-008
9.58,8.19886e-008
9.59,8.20085e-008
9.6,8.20284e-008
9.61,8.20483e-008
9.62,8.20683e-008
9.63,8.20882e-008
9.64,8.21083e-008
9.65,8.21283e-008
9.66,8.21484e-008
9.67,8.21685e-008
9.68,8.21886e-008
9.69,8.22087e-008
9.7,8.22289e-008
9.71,8.22491e-008
9.72,8.22694e-008
9.73,8.22896e-008
9.74,8.23099e-008
9.75,8.23302e-008
9.76,8.23506e-008
9.77,8.23709e-008
9.78,8.23913e-008
9.79,8.24118e-008
9.8,8.24322e-008
9.81,8.24527e-008
9.82,8.24732e-008
9.83,8.24937e-008
9.84,8.25143e-008
9.85,8.25349e-008
9.86,8.25555e-008
9.87,8.25762e-008
9.88,8.25968e-008
9.89,8.26176e-008
9.9,8.26383e-008
9.91,8.2659e-008
9.92,8.26798e-008
9.93,8.27006e-008
9.94,8.27215e-008
9.95,8.27424e-008
9.96,8.27633e-008
9.97,8.27842e-008
9.98,8.28051e-008
9.99,8.28261e-008
10,8.28471e-008
10.01,8.28682e-008
10.02,8.28893e-008
10.03,8.29104e-008
10.04,8.29315e-008
10.05,8.29526e-008
10.06,8.29738e-008
10.07,8.2995e-008
10.08,8.30163e-008
10.09,8.30375e-008
10.1,8.30588e-008
10.11,8.30801e-008
10.12,8.31015e-008
10.13,8.31229e-008
10.14,8.31443e-008
10.15,8.31657e-008
10.16,8.31872e-008
10.17,8.32087e-008
10.18,8.32302e-008
10.19,8.32518e-008
10.2,8.32733e-008
10.21,8.3295e-008
10.22,8.33166e-008
10.23,8.33383e-008
10.24,8.336e-008
10.25,8.33817e-008
10.26,8.34034e-008
10.27,8.34252e-008
10.28,8.3447e-008
10.29,8.34689e-008
10.3,8.34907e-008
10.31,8.35126e-008
10.32,8.35346e-008
10.33,8.35565e-008
10.34,8.35785e-008
10.35,8.36005e-008
10.36,8.36225e-008
10.37,8.36446e-008
10.38,8.36667e-008
10.39,8.36888e-008
10.4,8.3711e-008
10.41,8.37332e-008
10.42,8.37554e-008
10.43,8.37777e-008
10.44,8.37999e-008
10.45,8.38222e-008
10.46,8.38446e-008
10.47,8.38669e-008
10.48,8.38893e-008
10.49,8.39118e-008
10.5,8.39342e-008
10.51,8.39567e-008
10.52,8.39792e-008
10.53,8.40017e-008
10.54,8.40243e-008
10.55,8.40469e-008
10.56,8.40695e-008
10.57,8.40922e-008
10.58,8.41149e-008
10.59,8.41376e-008
10.6,8.41603e-008
10.61,8.41831e-008
10.62,8.42059e-008
10.63,8.42288e-008
10.64,8.42516e-008
10.65,8.42745e-008
10.66,8.42975e-008
10.67,8.43204e-008
10.68,8.43434e-008
10.69,8.43664e-008
10.7,8.43895e-008
10.71,8.44125e-008
10.72,8.44356e-008
10.73,8.44588e-008
10.74,8.44819e-008
10.75,8.45051e-008
10.76,8.45284e-008
10.77,8.45516e-008
10.78,8.45749e-008
10.79,8.45982e-008
10.8,8.46216e-008
10.81,8.46449e-008
10.82,8.46684e-008
10.83,8.46918e-008
10.84,8.47153e-008
10.85,8.47388e-008
10.86,8.47623e-008
10.87,8.47858e-008
10.88,8.48094e-008
10.89,8.48331e-008
10.9,8.48567e-008
10.91,8.48804e-008
10.92,8.49041e-008
10.93,8.49278e-008
10.94,8.49516e-008
10.95,8.49754e-008
10.96,8.49993e-008
10.97,8.50231e-008
10.98,8.5047e-008
10.99,8.50709e-008
11,8.50949e-008
11.01,8.51189e-008
11.02,8.51429e-008
11.03,8.5167e-008
11.04,8.5191e-008
11.05,8.52152e-008
11.06,8.52393e-008
11.07,8.52635e-008
11.08,8.52877e-008
11.09,8.53119e-008
11.1,8.53362e-008
11.11,8.53605e-008
11.12,8.53848e-008
11.13,8.54092e-008
11.14,8.54336e-008
11.15,8.5458e-008
11.16,8.54824e-008
11.17,8.55069e-008
11.18,8.55314e-008
11.19,8.5556e-008
11.2,8.55806e-008
11.21,8.56052e-008
11.22,8.56298e-008
11.23,8.56545e-008
11.24,8.56792e-008
11.25,8.57039e-008
11.26,8.57287e-008
11.27,8.57535e-008
11.28,8.57783e-008
11.29,8.58032e-008
11.3,8.58281e-008
11.31,8.5853e-008
11.32,8.5878e-008
11.33,8.5903e-008
11.34,8.5928e-008
11.35,8.59531e-008
11.36,8.59781e-008
11.37,8.60033e-008
11.38,8.60284e-008
11.39,8.60536e-008
11.4,8.60788e-008
11.41,8.61041e-008
11.42,8.61293e-008
11.43,8.61547e-008
11.44,8.618e-008
11.45,8.62054e-008
11.46,8.62308e-008
11.47,8.62562e-008
11.48,8.62817e-008
11.49,8.63072e-008
11.5,8.63327e-008
11.51,8.63583e-008
11.52,8.63839e-008
11.53,8.64095e-008
11.54,8.64352e-008
11.55,8.64609e-008
11.56,8.64866e-008
11.57,8.65124e-008
11.58,8.65382e-008
11.59,8.6564e-008
11.6,8.65899e-008
11.61,8.66158e-008
11.62,8.66417e-008
11.63,8.66677e-008
11.64,8.66936e-008
11.65,8.67197e-008
11.66,8.67457e-008
11.67,8.67718e-008
11.68,8.67979e-008
11.69,8.68241e-008
11.7,8.68503e-008
11.71,8.68765e-008
11.72,8.69028e-008
11.73,8.69291e-008
11.74,8.69554e-008
11.75,8.69817e-008
11.76,8.70081e-008
11.77,8.70345e-008
11.78,8.7061e-008
11.79,8.70875e-008
11.8,8.7114e-008
11.81,8.71406e-008
11.82,8.71671e-008
11.83,8.71938e-008
11.84,8.72204e-008
11.85,8.72471e-008
11.86,8.72738e-008
11.87,8.73006e-008
11.88,8.73274e-008
11.89,8.73542e-008
11.9,8.7381e-008
11.91,8.74079e-008
11.92,8.74349e-008
11.93,8.74618e-008
11.94,8.74888e-008
11.95,8.75158e-008
11.96,8.75429e-008
11.97,8.757e-008
11.98,8.75971e-008
11.99,8.76243e-008
12,8.76515e-008
12.01,8.76787e-008
12.02,8.77059e-008
12.03,8.77332e-008
12.04,8.77606e-008
12.05,8.77879e-008
12.06,8.78153e-008
12.07,8.78428e-008
12.08,8.78702e-008
12.09,8.78977e-008
12.1,8.79253e-008
12.11,8.79528e-008
12.12,8.79804e-008
12.13,8.80081e-008
12.14,8.80358e-008
12.15,8.80635e-008
12.16,8.80912e-008
12.17,8.8119e-008
12.18,8.81468e-008
12.19,8.81746e-008
12.2,8.82025e-008
12.21,8.82304e-008
12.22,8.82584e-008
12.23,8.82864e-008
12.24,8.83144e-008
12.25,8.83424e-008
12.26,8.83705e-008
12.27,8.83986e-008
12.28,8.84268e-008
12.29,8.8455e-008
12.3,8.84832e-008
12.31,8.85115e-008
12.32,8.85398e-008
12.33,8.85681e-008
12.34,8.85965e-008
12.35,8.86249e-008
12.36,8.86533e-008
12.37,8.86818e-008
12.38,8.87103e-008
12.39,8.87389e-008
12.4,8.87675e-008
12.41,8.87961e-008
12.42,8.88247e-008
12.43,8.88534e-008
12.44,8.88821e-008
12.45,8.89109e-008
12.46,8.89397e-008
12.47,8.89685e-008
12.48,8.89974e-008
12.49,8.90263e-008
12.5,8.90552e-008
12.51,8.90842e-008
12.52,8.91132e-008
12.53,8.91422e-008
12.54,8.91713e-008
12.55,8.92004e-008
12.56,8.92296e-008
12.57,8.92588e-008
12.58,8.9288e-008
12.59,8.93173e-008
12.6,8.93466e-008
12.61,8.93759e-008
12.62,8.94053e-008
12.63,8.94347e-008
12.64,8.94641e-008
12.65,8.94936e-008
12.66,8.95231e-008
12.67,8.95526e-008
12.68,8.95822e-008
12.69,8.96119e-008
12.7,8.96415e-008
12.71,8.96712e-008
12.72,8.97009e-008
12.73,8.97307e-008
12.74,8.97605e-008
12.75,8.97904e-008
12.76,8.98202e-008
12.77,8.98502e-008
12.78,8.98801e-008
12.79,8.99101e-008
12.8,8.99401e-008
12.81,8.99702e-008
12.82,9.00003e-008
12.83,9.00304e-008
12.84,9.00606e-008
12.85,9.00908e-008
12.86,9.01211e-008
12.87,9.01514e-008
12.88,9.01817e-008
12.89,9.0212e-008
12.9,9.02424e-008
12.91,9.02729e-008
12.92,9.03033e-008
12.93,9.03339e-008
12.94,9.03644e-008
12.95,9.0395e-008
12.96,9.04256e-008
12.97,9.04563e-008
12.98,9.0487e-008
12.99,9.05177e-008
13,9.05485e-008
13.01,9.05793e-008
13.02,9.06101e-008
13.03,9.0641e-008
13.04,9.0672e-008
13.05,9.07029e-008
13.06,9.07339e-008
13.07,9.0765e-008
13.08,9.0796e-008
13.09,9.08271e-008
13.1,9.08583e-008
13.11,9.08895e-008
13.12,9.09207e-008
13.13,9.0952e-008
13.14,9.09833e-008
13.15,9.10146e-008
13.16,9.1046e-008
13.17,9.10774e-008
13.18,9.11089e-008
13.19,9.11404e-008
13.2,9.11719e-008
13.21,9.12035e-008
13.22,9.12351e-008
13.23,9.12668e-008
13.24,9.12985e-008
13.25,9.13302e-008
13.26,9.1362e-008
13.27,9.13938e-008
13.28,9.14256e-008
13.29,9.14575e-008
13.3,9.14894e-008
13.31,9.15214e-008
13.32,9.15534e-008
13.33,9.15854e-008
13.34,9.16175e-008
13.35,9.16496e-008
13.36,9.16818e-008
13.37,9.1714e-008
13.38,9.17462e-008
13.39,9.17785e-008
13.4,9.18108e-008
13.41,9.18432e-008
13.42,9.18755e-008
13.43,9.1908e-008
13.44,9.19405e-008
13.45,9.1973e-008
13.46,9.20055e-008
13.47,9.20381e-008
13.48,9.20707e-008
13.49,9.21034e-008
13.5,9.21361e-008
13.51,9.21689e-008
13.52,9.22017e-008
13.53,9.22345e-008
13.54,9.22674e-008
13.55,9.23003e-008
13.56,9.23332e-008
13.57,9.23662e-008
13.58,9.23993e-008
13.59,9.24323e-008
13.6,9.24654e-008
13.61,9.24986e-008
13.62,9.25318e-008
13.63,9.2565e-008
13.64,9.25983e-008
13.65,9.26316e-008
13.66,9.2665e-008
13.67,9.26984e-008
13.68,9.27318e-008
13.69,9.27653e-008
13.7,9.27988e-008
13.71,9.28323e-008
13.72,9.28659e-008
13.73,9.28996e-008
13.74,9.29333e-008
13.75,9.2967e-008
13.76,9.30007e-008
13.77,9.30345e-008
13.78,9.30684e-008
13.79,9.31023e-008
13.8,9.31362e-008
13.81,9.31702e-008
13.82,9.32042e-008
13.83,9.32382e-008
13.84,9.32723e-008
13.85,9.33065e-008
13.86,9.33406e-008
13.87,9.33748e-008
13.88,9.34091e-008
13.89,9.34434e-008
13.9,9.34777e-008
13.91,9.35121e-008
13.92,9.35466e-008
13.93,9.3581e-008
13.94,9.36155e-008
13.95,9.36501e-008
13.96,9.36847e-008
13.97,9.37193e-008
13.98,9.3754e-008
13.99,9.37887e-008
14,9.38235e-008
14.01,9.38583e-008
14.02,9.38931e-008
14.03,9.3928e-008
14.04,9.39629e-008
14.05,9.39979e-008
14.06,9.40329e-008
14.07,9.4068e-008
14.08,9.41031e-008
14.09,9.41382e-008
14.1,9.41734e-008
14.11,9.42086e-008
14.12,9.42439e-008
14.13,9.42792e-008
14.14,9.43145e-008
14.15,9.43499e-008
14.16,9.43854e-008
14.17,9.44209e-008
14.18,9.44564e-008
14.19,9.4492e-008
14.2,9.45276e-008
14.21,9.45632e-008
14.22,9.45989e-008
14.23,9.46347e-008
14.24,9.46705e-008
14.25,9.47063e-008
14.26,9.47422e-008
14.27,9.47781e-008
14.28,9.4814e-008
14.29,9.485e-008
14.3,9.48861e-008
14.31,9.49222e-008
14.32,9.49583e-008
14.33,9.49945e-008
14.34,9.50307e-008
14.35,9.5067e-008
14.36,9.51033e-008
14.37,9.51396e-008
14.38,9.5176e-008
14.39,9.52125e-008
14.4,9.5249e-008
14.41,9.52855e-008
14.42,9.53221e-008
14.43,9.53587e-008
14.44,9.53953e-008
14.45,9.5432e-008
14.46,9.54688e-008
14.47,9.55056e-008
14.48,9.55424e-008
14.49,9.55793e-008
14.5,9.56162e-008
14.51,9.56532e-008
14.52,9.56902e-008
14.53,9.57273e-008
14.54,9.57644e-008
14.55,9.58016e-008
14.56,9.58388e-008
14.57,9.5876e-008
14.58,9.59133e-008
14.59,9.59506e-008
14.6,9.5988e-008
14.61,9.60254e-008
14.62,9.60629e-008
14.63,9.61004e-008
14.64,9.6138e-008
14.65,9.61756e-008
14.66,9.62132e-008
14.67,9.62509e-008
14.68,9.62887e-008
14.69,9.63264e-008
14.7,9.63643e-008
14.71,9.64022e-008
14.72,9.64401e-008
14.73,9.6478e-008
14.74,9.65161e-008
14.75,9.65541e-008
14.76,9.65922e-008
14.77,9.66304e-008
14.78,9.66686e-008
14.79,9.67068e-008
14.8,9.67451e-008
14.81,9.67835e-008
14.82,9.68219e-008
14.83,9.68603e-008
14.84,9.68988e-008
14.85,9.69373e-008
14.86,9.69759e-008
14.87,9.70145e-008
14.88,9.70531e-008
14.89,9.70919e-008
14.9,9.71306e-008
14.91,9.71694e-008
14.92,9.72083e-008
14.93,9.72472e-008
14.94,9.72861e-008
14.95,9.73251e-008
14.96,9.73641e-008
14.97,9.74032e-008
14.98,9.74424e-008
14.99,9.74815e-008
15,9.75208e-008
15.01,9.75601e-008
15.02,9.75994e-008
15.03,9.76387e-008
15.04,9.76782e-008
15.05,9.77176e-008
15.06,9.77571e-008
15.07,9.77967e-008
15.08,9.78363e-008
15.09,9.7876e-008
15.1,9.79157e-008
15.11,9.79554e-008
15.12,9.79952e-008
15.13,9.80351e-008
15.14,9.8075e-008
15.15,9.81149e-008
15.16,9.81549e-008
15.17,9.8195e-008
15.18,9.82351e-008
15.19,9.82752e-008
15.2,9.83154e-008
15.21,9.83556e-008
15.22,9.83959e-008
15.23,9.84363e-008
15.24,9.84766e-008
15.25,9.85171e-008
15.26,9.85575e-008
15.27,9.85981e-008
15.28,9.86387e-008
15.29,9.86793e-008
15.3,9.872e-008
15.31,9.87607e-008
15.32,9.88015e-008
15.33,9.88423e-008
15.34,9.88832e-008
15.35,9.89241e-008
15.36,9.89651e-008
15.37,9.90061e-008
15.38,9.90472e-008
15.39,9.90883e-008
15.4,9.91294e-008
15.41,9.91707e-008
15.42,9.92119e-008
15.43,9.92533e-008
15.44,9.92946e-008
15.45,9.93361e-008
15.46,9.93775e-008
15.47,9.9419e-008
15.48,9.94606e-008
15.49,9.95022e-008
15.5,9.95439e-008
15.51,9.95856e-008
15.52,9.96274e-008
15.53,9.96692e-008
15.54,9.97111e-008
15.55,9.9753e-008
15.56,9.9795e-008
15.57,9.9837e-008
15.58,9.98791e-008
15.59,9.99212e-008
15.6,9.99634e-008
15.61,1.00006e-007
15.62,1.00048e-007
15.63,1.0009e-007
15.64,1.00133e-007
15.65,1.00175e-007
15.66,1.00218e-007
15.67,1.0026e-007
15.68,1.00303e-007
15.69,1.00345e-007
15.7,1.00388e-007
15.71,1.00431e-007
15.72,1.00474e-007
15.73,1.00516e-007
15.74,1.00559e-007
15.75,1.00602e-007
15.76,1.00645e-007
15.77,1.00688e-007
15.78,1.00731e-007
15.79,1.00775e-007
15.8,1.00818e-007
15.81,1.00861e-007
15.82,1.00904e-007
15.83,1.00948e-007
15.84,1.00991e-007
15.85,1.01035e-007
15.86,1.01078e-007
15.87,1.01122e-007
15.88,1.01165e-007
15.89,1.01209e-007
15.9,1.01253e-007
15.91,1.01297e-007
15.92,1.0134e-007
15.93,1.01384e-007
15.94,1.01428e-007
15.95,1.01472e-007
15.96,1.01516e-007
15.97,1.0156e-007
15.98,1.01605e-007
15.99,1.01649e-007
16,1.01693e-007
16.01,1.01737e-007
16.02,1.01782e-007
16.03,1.01826e-007
16.04,1.01871e-007
16.05,1.01915e-007
16.06,1.0196e-007
16.07,1.02005e-007
16.08,1.02049e-007
16.09,1.02094e-007
16.1,1.02139e-007
16.11,1.02184e-007
16.12,1.02229e-007
16.13,1.02274e-007
16.14,1.02319e-007
16.15,1.02364e-007
16.16,1.02409e-007
16.17,1.02454e-007
16.18,1.02499e-007
16.19,1.02545e-007
16.2,1.0259e-007
16.21,1.02635e-007
16.22,1.02681e-007
16.23,1.02726e-007
16.24,1.02772e-007
16.25,1.02818e-007
16.26,1.02863e-007
16.27,1.02909e-007
16.28,1.02955e-007
16.29,1.03001e-007
16.3,1.03047e-007
16.31,1.03093e-007
16.32,1.03139e-007
16.33,1.03185e-007
16.34,1.03231e-007
16.35,1.03277e-007
16.36,1.03323e-007
16.37,1.0337e-007
16.38,1.03416e-007
16.39,1.03462e-007
16.4,1.03509e-007
16.41,1.03555e-007
16.42,1.03602e-007
16.43,1.03649e-007
16.44,1.03695e-007
16.45,1.03742e-007
16.46,1.03789e-007
16.47,1.03836e-007
16.48,1.03883e-007
16.49,1.0393e-007
16.5,1.03977e-007
16.51,1.04024e-007
16.52,1.04071e-007
16.53,1.04118e-007
16.54,1.04165e-007
16.55,1.04213e-007
16.56,1.0426e-007
16.57,1.04308e-007
16.58,1.04355e-007
16.59,1.04403e-007
16.6,1.0445e-007
16.61,1.04498e-007
16.62,1.04546e-007
16.63,1.04593e-007
16.64,1.04641e-007
16.65,1.04689e-007
16.66,1.04737e-007
16.67,1.04785e-007
16.68,1.04833e-007
16.69,1.04881e-007
16.7,1.0493e-007
16.71,1.04978e-007
16.72,1.05026e-007
16.73,1.05075e-007
16.74,1.05123e-007
16.75,1.05171e-007
16.76,1.0522e-007
16.77,1.05269e-007
16.78,1.05317e-007
16.79,1.05366e-007
16.8,1.05415e-007
16.81,1.05464e-007
16.82,1.05513e-007
16.83,1.05562e-007
16.84,1.05611e-007
16.85,1.0566e-007
16.86,1.05709e-007
16.87,1.05758e-007
16.88,1.05807e-007
16.89,1.05857e-007
16.9,1.05906e-007
16.91,1.05955e-007
16.92,1.06005e-007
16.93,1.06055e-007
16.94,1.06104e-007
16.95,1.06154e-007
16.96,1.06204e-007
16.97,1.06253e-007
16.98,1.06303e-007
16.99,1.06353e-007
17,1.06403e-007
17.01,1.06453e-007
17.02,1.06503e-007
17.03,1.06554e-007
17.04,1.06604e-007
17.05,1.06654e-007
17.06,1.06705e-007
17.07,1.06755e-007
17.08,1.06805e-007
17.09,1.06856e-007
17.1,1.06907e-007
17.11,1.06957e-007
17.12,1.07008e-007
17.13,1.07059e-007
17.14,1.0711e-007
17.15,1.07161e-007
17.16,1.07212e-007
17.17,1.07263e-007
17.18,1.07314e-007
17.19,1.07365e-007
17.2,1.07416e-007
17.21,1.07468e-007
17.22,1.07519e-007
17.23,1.0757e-007
17.24,1.07622e-007
17.25,1.07673e-007
17.26,1.07725e-007
17.27,1.07777e-007
17.28,1.07828e-007
17.29,1.0788e-007
17.3,1.07932e-007
17.31,1.07984e-007
17.32,1.08036e-007
17.33,1.08088e-007
17.34,1.0814e-007
17.35,1.08192e-007
17.36,1.08245e-007
17.37,1.08297e-007
17.38,1.08349e-007
17.39,1.08402e-007
17.4,1.08454e-007
17.41,1.08507e-007
17.42,1.08559e-007
17.43,1.08612e-007
17.44,1.08665e-007
17.45,1.08718e-007
17.46,1.08771e-007
17.47,1.08824e-007
17.48,1.08877e-007
17.49,1.0893e-007
17.5,1.08983e-007
17.51,1.09036e-007
17.52,1.09089e-007
17.53,1.09143e-007
17.54,1.09196e-007
17.55,1.0925e-007
17.56,1.09303e-007
17.57,1.09357e-007
17.58,1.09411e-007
17.59,1.09464e-007
17.6,1.09518e-007
17.61,1.09572e-007
17.62,1.09626e-007
17.63,1.0968e-007
17.64,1.09734e-007
17.65,1.09788e-007
17.66,1.09842e-007
17.67,1.09897e-007
17.68,1.09951e-007
17.69,1.10005e-007
17.7,1.1006e-007
17.71,1.10115e-007
17.72,1.10169e-007
17.73,1.10224e-007
17.74,1.10279e-007
17.75,1.10333e-007
17.76,1.10388e-007
17.77,1.10443e-007
17.78,1.10498e-007
17.79,1.10553e-007
17.8,1.10609e-007
17.81,1.10664e-007
17.82,1.10719e-007
17.83,1.10774e-007
17.84,1.1083e-007
17.85,1.10885e-007
17.86,1.10941e-007
17.87,1.10997e-007
17.88,1.11052e-007
17.89,1.11108e-007
17.9,1.11164e-007
17.91,1.1122e-007
17.92,1.11276e-007
17.93,1.11332e-007
17.94,1.11388e-007
17.95,1.11444e-007
17.96,1.115e-007
17.97,1.11557e-007
17.98,1.11613e-007
17.99,1.1167e-007
18,1.11726e-007
18.01,1.11783e-007
18.02,1.1184e-007
18.03,1.11896e-007
18.04,1.11953e-007
18.05,1.1201e-007
18.06,1.12067e-007
18.07,1.12124e-007
18.08,1.12181e-007
18.09,1.12238e-007
18.1,1.12296e-007
18.11,1.12353e-007
18.12,1.1241e-007
18.13,1.12468e-007
18.14,1.12525e-007
18.15,1.12583e-007
18.16,1.12641e-007
18.17,1.12698e-007
18.18,1.12756e-007
18.19,1.12814e-007
18.2,1.12872e-007
18.21,1.1293e-007
18.22,1.12988e-007
18.23,1.13046e-007
18.24,1.13105e-007
18.25,1.13163e-007
18.26,1.13221e-007
18.27,1.1328e-007
18.28,1.13338e-007
18.29,1.13397e-007
18.3,1.13456e-007
18.31,1.13514e-007
18.32,1.13573e-007
18.33,1.13632e-007
18.34,1.13691e-007
18.35,1.1375e-007
18.36,1.13809e-007
18.37,1.13869e-007
18.38,1.13928e-007
18.39,1.13987e-007
18.4,1.14047e-007
18.41,1.14106e-007
18.42,1.14166e-007
18.43,1.14225e-007
18.44,1.14285e-007
18.45,1.14345e-007
18.46,1.14405e-007
18.47,1.14465e-007
18.48,1.14525e-007
18.49,1.14585e-007
18.5,1.14645e-007
18.51,1.14705e-007
18.52,1.14766e-007
18.53,1.14826e-007
18.54,1.14886e-007
18.55,1.14947e-007
18.56,1.15008e-007
18.57,1.15068e-007
18.58,1.15129e-007
18.59,1.1519e-007
18.6,1.15251e-007
18.61,1.15312e-007
18.62,1.15373e-007
18.63,1.15434e-007
18.64,1.15495e-007
18.65,1.15557e-007
18.66,1.15618e-007
18.67,1.1568e-007
18.68,1.15741e-007
18.69,1.15803e-007
18.7,1.15865e-007
18.71,1.15926e-007
18.72,1.15988e-007
18.73,1.1605e-007
18.74,1.16112e-007
18.75,1.16174e-007
18.76,1.16236e-007
18.77,1.16299e-007
18.78,1.16361e-007
18.79,1.16423e-007
18.8,1.16486e-007
18.81,1.16548e-007
18.82,1.16611e-007
18.83,1.16674e-007
18.84,1.16737e-007
18.85,1.16799e-007
18.86,1.16862e-007
18.87,1.16925e-007
18.88,1.16989e-007
18.89,1.17052e-007
18.9,1.17115e-007
18.91,1.17178e-007
18.92,1.17242e-007
18.93,1.17305e-007
18.94,1.17369e-007
18.95,1.17433e-007
18.96,1.17496e-007
18.97,1.1756e-007
18.98,1.17624e-007
18.99,1.17688e-007
19,1.17752e-007
19.01,1.17816e-007
19.02,1.17881e-007
19.03,1.17945e-007
19.04,1.18009e-007
19.05,1.18074e-007
19.06,1.18138e-007
19.07,1.18203e-007
19.08,1.18268e-007
19.09,1.18333e-007
19.1,1.18397e-007
19.11,1.18462e-007
19.12,1.18527e-007
19.13,1.18593e-007
19.14,1.18658e-007
19.15,1.18723e-007
19.16,1.18789e-007
19.17,1.18854e-007
19.18,1.1892e-007
19.19,1.18985e-007
19.2,1.19051e-007
19.21,1.19117e-007
19.22,1.19183e-007
19.23,1.19249e-007
19.24,1.19315e-007
19.25,1.19381e-007
19.26,1.19447e-007
19.27,1.19513e-007
19.28,1.1958e-007
19.29,1.19646e-007
19.3,1.19713e-007
19.31,1.19779e-007
19.32,1.19846e-007
19.33,1.19913e-007
19.34,1.1998e-007
19.35,1.20047e-007
19.36,1.20114e-007
19.37,1.20181e-007
19.38,1.20248e-007
19.39,1.20316e-007
19.4,1.20383e-007
19.41,1.20451e-007
19.42,1.20518e-007
19.43,1.20586e-007
19.44,1.20654e-007
19.45,1.20721e-007
19.46,1.20789e-007
19.47,1.20857e-007
19.48,1.20925e-007
19.49,1.20994e-007
19.5,1.21062e-007
19.51,1.2113e-007
19.52,1.21199e-007
19.53,1.21267e-007
19.54,1.21336e-007
19.55,1.21405e-007
19.56,1.21473e-007
19.57,1.21542e-007
19.58,1.21611e-007
19.59,1.2168e-007
19.6,1.2175e-007
19.61,1.21819e-007
19.62,1.21888e-007
19.63,1.21958e-007
19.64,1.22027e-007
19.65,1.22097e-007
19.66,1.22166e-007
19.67,1.22236e-007
19.68,1.22306e-007
19.69,1.22376e-007
19.7,1.22446e-007
19.71,1.22516e-007
19.72,1.22586e-007
19.73,1.22657e-007
19.74,1.22727e-007
19.75,1.22798e-007
19.76,1.22868e-007
19.77,1.22939e-007
19.78,1.2301e-007
19.79,1.23081e-007
19.8,1.23151e-007
19.81,1.23223e-007
19.82,1.23294e-007
19.83,1.23365e-007
19.84,1.23436e-007
19.85,1.23508e-007
19.86,1.23579e-007
19.87,1.23651e-007
19.88,1.23722e-007
19.89,1.23794e-007
19.9,1.23866e-007
19.91,1.23938e-007
19.92,1.2401e-007
19.93,1.24082e-007
19.94,1.24155e-007
19.95,1.24227e-007
19.96,1.24299e-007
19.97,1.24372e-007
19.98,1.24444e-007
19.99,1.24517e-007
20,1.2459e-007
20.01,1.24663e-007
20.02,1.24736e-007
20.03,1.24809e-007
20.04,1.24882e-007
20.05,1.24955e-007
20.06,1.25029e-007
20.07,1.25102e-007
20.08,1.25176e-007
20.09,1.25249e-007
20.1,1.25323e-007
20.11,1.25397e-007
20.12,1.25471e-007
20.13,1.25545e-007
20.14,1.25619e-007
20.15,1.25693e-007
20.16,1.25768e-007
20.17,1.25842e-007
20.18,1.25917e-007
20.19,1.25991e-007
20.2,1.26066e-007
20.21,1.26141e-007
20.22,1.26216e-007
20.23,1.26291e-007
20.24,1.26366e-007
20.25,1.26441e-007
20.26,1.26516e-007
20.27,1.26592e-007
20.28,1.26667e-007
20.29,1.26743e-007
20.3,1.26819e-007
20.31,1.26894e-007
20.32,1.2697e-007
20.33,1.27046e-007
20.34,1.27122e-007
20.35,1.27199e-007
20.36,1.27275e-007
20.37,1.27351e-007
20.38,1.27428e-007
20.39,1.27504e-007
20.4,1.27581e-007
20.41,1.27658e-007
20.42,1.27735e-007
20.43,1.27812e-007
20.44,1.27889e-007
20.45,1.27966e-007
20.46,1.28043e-007
20.47,1.28121e-007
20.48,1.28198e-007
20.49,1.28276e-007
20.5,1.28354e-007
20.51,1.28431e-007
20.52,1.28509e-007
20.53,1.28587e-007
20.54,1.28665e-007
20.55,1.28744e-007
20.56,1.28822e-007
20.57,1.289e-007
20.58,1.28979e-007
20.59,1.29057e-007
20.6,1.29136e-007
20.61,1.29215e-007
20.62,1.29294e-007
20.63,1.29373e-007
20.64,1.29452e-007
20.65,1.29531e-007
20.66,1.29611e-007
20.67,1.2969e-007
20.68,1.2977e-007
20.69,1.29849e-007
20.7,1.29929e-007
20.71,1.30009e-007
20.72,1.30089e-007
20.73,1.30169e-007
20.74,1.30249e-007
20.75,1.3033e-007
20.76,1.3041e-007
20.77,1.30491e-007
20.78,1.30571e-007
20.79,1.30652e-007
20.8,1.30733e-007
20.81,1.30814e-007
20.82,1.30895e-007
20.83,1.30976e-007
20.84,1.31057e-007
20.85,1.31138e-007
20.86,1.3122e-007
20.87,1.31301e-007
20.88,1.31383e-007
20.89,1.31465e-007
20.9,1.31547e-007
20.91,1.31629e-007
20.92,1.31711e-007
20.93,1.31793e-007
20.94,1.31876e-007
20.95,1.31958e-007
20.96,1.32041e-007
20.97,1.32123e-007
20.98,1.32206e-007
20.99,1.32289e-007
21,1.32372e-007
21.01,1.32455e-007
21.02,1.32538e-007
21.03,1.32622e-007
21.04,1.32705e-007
21.05,1.32789e-007
21.06,1.32872e-007
21.07,1.32956e-007
21.08,1.3304e-007
21.09,1.33124e-007
21.1,1.33208e-007
21.11,1.33292e-007
21.12,1.33377e-007
21.13,1.33461e-007
21.14,1.33546e-007
21.15,1.3363e-007
21.16,1.33715e-007
21.17,1.338e-007
21.18,1.33885e-007
21.19,1.3397e-007
21.2,1.34055e-007
21.21,1.34141e-007
21.22,1.34226e-007
21.23,1.34312e-007
21.24,1.34397e-007
21.25,1.34483e-007
21.26,1.34569e-007
21.27,1.34655e-007
21.28,1.34741e-007
21.29,1.34828e-007
21.3,1.34914e-007
21.31,1.35e-007
21.32,1.35087e-007
21.33,1.35174e-007
21.34,1.35261e-007
21.35,1.35348e-007
21.36,1.35435e-007
21.37,1.35522e-007
21.38,1.35609e-007
21.39,1.35697e-007
21.4,1.35784e-007
21.41,1.35872e-007
21.42,1.3596e-007
21.43,1.36048e-007
21.44,1.36136e-007
21.45,1.36224e-007
21.46,1.36312e-007
21.47,1.364e-007
21.48,1.36489e-007
21.49,1.36578e-007
21.5,1.36666e-007
21.51,1.36755e-007
21.52,1.36844e-007
21.53,1.36933e-007
21.54,1.37022e-007
21.55,1.37112e-007
21.56,1.37201e-007
21.57,1.37291e-007
21.58,1.3738e-007
21.59,1.3747e-007
21.6,1.3756e-007
21.61,1.3765e-007
21.62,1.37741e-007
21.63,1.37831e-007
21.64,1.37921e-007
21.65,1.38012e-007
21.66,1.38102e-007
21.67,1.38193e-007
21.68,1.38284e-007
21.69,1.38375e-007
21.7,1.38466e-007
21.71,1.38558e-007
21.72,1.38649e-007
21.73,1.38741e-007
21.74,1.38832e-007
21.75,1.38924e-007
21.76,1.39016e-007
21.77,1.39108e-007
21.78,1.392e-007
21.79,1.39293e-007
21.8,1.39385e-007
21.81,1.39478e-007
21.82,1.3957e-007
21.83,1.39663e-007
21.84,1.39756e-007
21.85,1.39849e-007
21.86,1.39942e-007
21.87,1.40035e-007
21.88,1.40129e-007
21.89,1.40222e-007
21.9,1.40316e-007
21.91,1.4041e-007
21.92,1.40504e-007
21.93,1.40598e-007
21.94,1.40692e-007
21.95,1.40787e-007
21.96,1.40881e-007
21.97,1.40976e-007
21.98,1.4107e-007
21.99,1.41165e-007
22,1.4126e-007
22.01,1.41355e-007
22.02,1.4145e-007
22.03,1.41546e-007
22.04,1.41641e-007
22.05,1.41737e-007
22.06,1.41833e-007
22.07,1.41929e-007
22.08,1.42025e-007
22.09,1.42121e-007
22.1,1.42217e-007
22.11,1.42314e-007
22.12,1.4241e-007
22.13,1.42507e-007
22.14,1.42604e-007
22.15,1.42701e-007
22.16,1.42798e-007
22.17,1.42895e-007
22.18,1.42992e-007
22.19,1.4309e-007
22.2,1.43187e-007
22.21,1.43285e-007
22.22,1.43383e-007
22.23,1.43481e-007
22.24,1.43579e-007
22.25,1.43677e-007
22.26,1.43776e-007
22.27,1.43874e-007
22.28,1.43973e-007
22.29,1.44072e-007
22.3,1.44171e-007
22.31,1.4427e-007
22.32,1.44369e-007
22.33,1.44469e-007
22.34,1.44568e-007
22.35,1.44668e-007
22.36,1.44768e-007
22.37,1.44868e-007
22.38,1.44968e-007
22.39,1.45068e-007
22.4,1.45168e-007
22.41,1.45269e-007
22.42,1.4537e-007
22.43,1.4547e-007
22.44,1.45571e-007
22.45,1.45672e-007
22.46,1.45774e-007
22.47,1.45875e-007
22.48,1.45976e-007
22.49,1.46078e-007
22.5,1.4618e-007
22.51,1.46282e-007
22.52,1.46384e-007
22.53,1.46486e-007
22.54,1.46588e-007
22.55,1.46691e-007
22.56,1.46793e-007
22.57,1.46896e-007
22.58,1.46999e-007
22.59,1.47102e-007
22.6,1.47205e-007
22.61,1.47309e-007
22.62,1.47412e-007
22.63,1.47516e-007
22.64,1.4762e-007
22.65,1.47723e-007
22.66,1.47828e-007
22.67,1.47932e-007
22.68,1.48036e-007
22.69,1.48141e-007
22.7,1.48245e-007
22.71,1.4835e-007
22.72,1.48455e-007
22.73,1.4856e-007
22.74,1.48665e-007
22.75,1.48771e-007
22.76,1.48876e-007
22.77,1.48982e-007
22.78,1.49088e-007
22.79,1.49194e-007
22.8,1.493e-007
22.81,1.49406e-007
22.82,1.49513e-007
22.83,1.49619e-007
22.84,1.49726e-007
22.85,1.49833e-007
22.86,1.4994e-007
22.87,1.50047e-007
22.88,1.50154e-007
22.89,1.50262e-007
22.9,1.5037e-007
22.91,1.50477e-007
22.92,1.50585e-007
22.93,1.50693e-007
22.94,1.50802e-007
22.95,1.5091e-007
22.96,1.51019e-007
22.97,1.51127e-007
22.98,1.51236e-007
22.99,1.51345e-007
23,1.51454e-007
23.01,1.51564e-007
23.02,1.51673e-007
23.03,1.51783e-007
23.04,1.51893e-007
23.05,1.52003e-007
23.06,1.52113e-007
23.07,1.52223e-007
23.08,1.52334e-007
23.09,1.52444e-007
23.1,1.52555e-007
23.11,1.52666e-007
23.12,1.52777e-007
23.13,1.52888e-007
23.14,1.52999e-007
23.15,1.53111e-007
23.16,1.53223e-007
23.17,1.53334e-007
23.18,1.53446e-007
23.19,1.53559e-007
23.2,1.53671e-007
23.21,1.53783e-007
23.22,1.53896e-007
23.23,1.54009e-007
23.24,1.54122e-007
23.25,1.54235e-007
23.26,1.54348e-007
23.27,1.54462e-007
23.28,1.54575e-007
23.29,1.54689e-007
23.3,1.54803e-007
23.31,1.54917e-007
23.32,1.55032e-007
23.33,1.55146e-007
23.34,1.55261e-007
23.35,1.55375e-007
23.36,1.5549e-007
23.37,1.55605e-007
23.38,1.55721e-007
23.39,1.55836e-007
23.4,1.55952e-007
23.41,1.56067e-007
23.42,1.56183e-007
23.43,1.563e-007
23.44,1.56416e-007
23.45,1.56532e-007
23.46,1.56649e-007
23.47,1.56766e-007
23.48,1.56883e-007
23.49,1.57e-007
23.5,1.57117e-007
23.51,1.57234e-007
23.52,1.57352e-007
23.53,1.5747e-007
23.54,1.57588e-007
23.55,1.57706e-007
23.56,1.57824e-007
23.57,1.57943e-007
23.58,1.58061e-007
23.59,1.5818e-007
23.6,1.58299e-007
23.61,1.58418e-007
23.62,1.58538e-007
23.63,1.58657e-007
23.64,1.58777e-007
23.65,1.58897e-007
23.66,1.59017e-007
23.67,1.59137e-007
23.68,1.59257e-007
23.69,1.59378e-007
23.7,1.59499e-007
23.71,1.59619e-007
23.72,1.59741e-007
23.73,1.59862e-007
23.74,1.59983e-007
23.75,1.60105e-007
23.76,1.60227e-007
23.77,1.60349e-007
23.78,1.60471e-007
23.79,1.60593e-007
23.8,1.60716e-007
23.81,1.60838e-007
23.82,1.60961e-007
23.83,1.61084e-007
23.84,1.61207e-007
23.85,1.61331e-007
23.86,1.61454e-007
23.87,1.61578e-007
23.88,1.61702e-007
23.89,1.61826e-007
23.9,1.61951e-007
23.91,1.62075e-007
23.92,1.622e-007
23.93,1.62325e-007
23.94,1.6245e-007
23.95,1.62575e-007
23.96,1.627e-007
23.97,1.62826e-007
23.98,1.62952e-007
23.99,1.63078e-007
24,1.63204e-007
24.01,1.6333e-007
24.02,1.63457e-007
24.03,1.63583e-007
24.04,1.6371e-007
24.05,1.63837e-007
24.06,1.63965e-007
24.07,1.64092e-007
24.08,1.6422e-007
24.09,1.64348e-007
24.1,1.64476e-007
24.11,1.64604e-007
24.12,1.64732e-007
24.13,1.64861e-007
24.14,1.6499e-007
24.15,1.65119e-007
24.16,1.65248e-007
24.17,1.65377e-007
24.18,1.65507e-007
24.19,1.65636e-007
24.2,1.65766e-007
24.21,1.65897e-007
24.22,1.66027e-007
24.23,1.66157e-007
24.24,1.66288e-007
24.25,1.66419e-007
24.26,1.6655e-007
24.27,1.66681e-007
24.28,1.66813e-007
24.29,1.66945e-007
24.3,1.67076e-007
24.31,1.67209e-007
24.32,1.67341e-007
24.33,1.67473e-007
24.34,1.67606e-007
24.35,1.67739e-007
24.36,1.67872e-007
24.37,1.68005e-007
24.38,1.68139e-007
24.39,1.68272e-007
24.4,1.68406e-007
24.41,1.6854e-007
24.42,1.68675e-007
24.43,1.68809e-007
24.44,1.68944e-007
24.45,1.69079e-007
24.46,1.69214e-007
24.47,1.69349e-007
24.48,1.69485e-007
24.49,1.6962e-007
24.5,1.69756e-007
24.51,1.69892e-007
24.52,1.70029e-007
24.53,1.70165e-007
24.54,1.70302e-007
24.55,1.70439e-007
24.56,1.70576e-007
24.57,1.70713e-007
24.58,1.70851e-007
24.59,1.70989e-007
24.6,1.71126e-007
24.61,1.71265e-007
24.62,1.71403e-007
24.63,1.71542e-007
24.64,1.7168e-007
24.65,1.71819e-007
24.66,1.71959e-007
24.67,1.72098e-007
24.68,1.72238e-007
24.69,1.72378e-007
24.7,1.72518e-007
24.71,1.72658e-007
24.72,1.72798e-007
24.73,1.72939e-007
24.74,1.7308e-007
24.75,1.73221e-007
24.76,1.73363e-007
24.77,1.73504e-007
24.78,1.73646e-007
24.79,1.73788e-007
24.8,1.7393e-007
24.81,1.74073e-007
24.82,1.74215e-007
24.83,1.74358e-007
24.84,1.74501e-007
24.85,1.74644e-007
24.86,1.74788e-007
24.87,1.74932e-007
24.88,1.75076e-007
24.89,1.7522e-007
24.9,1.75364e-007
24.91,1.75509e-007
24.92,1.75654e-007
24.93,1.75799e-007
24.94,1.75944e-007
24.95,1.7609e-007
24.96,1.76235e-007
24.97,1.76381e-007
24.98,1.76527e-007
24.99,1.76674e-007
25,1.76821e-007
25.01,1.76967e-007
25.02,1.77114e-007
25.03,1.77262e-007
25.04,1.77409e-007
25.05,1.77557e-007
25.06,1.77705e-007
25.07,1.77853e-007
25.08,1.78002e-007
25.09,1.7815e-007
25.1,1.78299e-007
25.11,1.78448e-007
25.12,1.78598e-007
25.13,1.78747e-007
25.14,1.78897e-007
25.15,1.79047e-007
25.16,1.79198e-007
25.17,1.79348e-007
25.18,1.79499e-007
25.19,1.7965e-007
25.2,1.79801e-007
25.21,1.79953e-007
25.22,1.80104e-007
25.23,1.80256e-007
25.24,1.80408e-007
25.25,1.80561e-007
25.26,1.80713e-007
25.27,1.80866e-007
25.28,1.81019e-007
25.29,1.81173e-007
25.3,1.81326e-007
25.31,1.8148e-007
25.32,1.81634e-007
25.33,1.81789e-007
25.34,1.81943e-007
25.35,1.82098e-007
25.36,1.82253e-007
25.37,1.82408e-007
25.38,1.82564e-007
25.39,1.8272e-007
25.4,1.82876e-007
25.41,1.83032e-007
25.42,1.83188e-007
25.43,1.83345e-007
25.44,1.83502e-007
25.45,1.83659e-007
25.46,1.83817e-007
25.47,1.83975e-007
25.48,1.84132e-007
25.49,1.84291e-007
25.5,1.84449e-007
25.51,1.84608e-007
25.52,1.84767e-007
25.53,1.84926e-007
25.54,1.85086e-007
25.55,1.85245e-007
25.56,1.85405e-007
25.57,1.85566e-007
25.58,1.85726e-007
25.59,1.85887e-007
25.6,1.86048e-007
25.61,1.86209e-007
25.62,1.8637e-007
25.63,1.86532e-007
25.64,1.86694e-007
25.65,1.86857e-007
25.66,1.87019e-007
25.67,1.87182e-007
25.68,1.87345e-007
25.69,1.87508e-007
25.7,1.87672e-007
25.71,1.87836e-007
25.72,1.88e-007
25.73,1.88164e-007
25.74,1.88329e-007
25.75,1.88493e-007
25.76,1.88659e-007
25.77,1.88824e-007
25.78,1.8899e-007
25.79,1.89155e-007
25.8,1.89322e-007
25.81,1.89488e-007
25.82,1.89655e-007
25.83,1.89822e-007
25.84,1.89989e-007
25.85,1.90157e-007
25.86,1.90324e-007
25.87,1.90492e-007
25.88,1.90661e-007
25.89,1.90829e-007
25.9,1.90998e-007
25.91,1.91167e-007
25.92,1.91337e-007
25.93,1.91506e-007
25.94,1.91676e-007
25.95,1.91846e-007
25.96,1.92017e-007
25.97,1.92188e-007
25.98,1.92359e-007
25.99,1.9253e-007
26,1.92702e-007
26.01,1.92873e-007
26.02,1.93046e-007
26.03,1.93218e-007
26.04,1.93391e-007
26.05,1.93564e-007
26.06,1.93737e-007
26.07,1.9391e-007
26.08,1.94084e-007
26.09,1.94258e-007
26.1,1.94433e-007
26.11,1.94607e-007
26.12,1.94782e-007
26.13,1.94958e-007
26.14,1.95133e-007
26.15,1.95309e-007
26.16,1.95485e-007
26.17,1.95661e-007
26.18,1.95838e-007
26.19,1.96015e-007
26.2,1.96192e-007
26.21,1.9637e-007
26.22,1.96547e-007
26.23,1.96725e-007
26.24,1.96904e-007
26.25,1.97082e-007
26.26,1.97261e-007
26.27,1.97441e-007
26.28,1.9762e-007
26.29,1.978e-007
26.3,1.9798e-007
26.31,1.98161e-007
26.32,1.98341e-007
26.33,1.98522e-007
26.34,1.98704e-007
26.35,1.98885e-007
26.36,1.99067e-007
26.37,1.99249e-007
26.38,1.99432e-007
26.39,1.99615e-007
26.4,1.99798e-007
26.41,1.99981e-007
26.42,2.00165e-007
26.43,2.00349e-007
26.44,2.00533e-007
26.45,2.00718e-007
26.46,2.00902e-007
26.47,2.01088e-007
26.48,2.01273e-007
26.49,2.01459e-007
26.5,2.01645e-007
26.51,2.01832e-007
26.52,2.02018e-007
26.53,2.02205e-007
26.54,2.02393e-007
26.55,2.0258e-007
26.56,2.02768e-007
26.57,2.02957e-007
26.58,2.03145e-007
26.59,2.03334e-007
26.6,2.03523e-007
26.61,2.03713e-007
26.62,2.03903e-007
26.63,2.04093e-007
26.64,2.04283e-007
26.65,2.04474e-007
26.66,2.04665e-007
26.67,2.04857e-007
26.68,2.05049e-007
26.69,2.05241e-007
26.7,2.05433e-007
26.71,2.05626e-007
26.72,2.05819e-007
26.73,2.06012e-007
26.74,2.06206e-007
26.75,2.064e-007
26.76,2.06594e-007
26.77,2.06789e-007
26.78,2.06984e-007
26.79,2.07179e-007
26.8,2.07375e-007
26.81,2.07571e-007
26.82,2.07767e-007
26.83,2.07963e-007
26.84,2.0816e-007
26.85,2.08358e-007
26.86,2.08555e-007
26.87,2.08753e-007
26.88,2.08951e-007
26.89,2.0915e-007
26.9,2.09349e-007
26.91,2.09548e-007
26.92,2.09748e-007
26.93,2.09948e-007
26.94,2.10148e-007
26.95,2.10349e-007
26.96,2.1055e-007
26.97,2.10751e-007
26.98,2.10953e-007
26.99,2.11155e-007
27,2.11357e-007
27.01,2.1156e-007
27.02,2.11763e-007
27.03,2.11966e-007
27.04,2.1217e-007
27.05,2.12374e-007
27.06,2.12578e-007
27.07,2.12783e-007
27.08,2.12988e-007
27.09,2.13193e-007
27.1,2.13399e-007
27.11,2.13605e-007
27.12,2.13811e-007
27.13,2.14018e-007
27.14,2.14225e-007
27.15,2.14433e-007
27.16,2.14641e-007
27.17,2.14849e-007
27.18,2.15058e-007
27.19,2.15267e-007
27.2,2.15476e-007
27.21,2.15686e-007
27.22,2.15896e-007
27.23,2.16106e-007
27.24,2.16317e-007
27.25,2.16528e-007
27.26,2.16739e-007
27.27,2.16951e-007
27.28,2.17163e-007
27.29,2.17376e-007
27.3,2.17589e-007
27.31,2.17802e-007
27.32,2.18016e-007
27.33,2.1823e-007
27.34,2.18444e-007
27.35,2.18659e-007
27.36,2.18874e-007
27.37,2.19089e-007
27.38,2.19305e-007
27.39,2.19521e-007
27.4,2.19738e-007
27.41,2.19955e-007
27.42,2.20172e-007
27.43,2.2039e-007
27.44,2.20608e-007
27.45,2.20827e-007
27.46,2.21045e-007
27.47,2.21265e-007
27.48,2.21484e-007
27.49,2.21704e-007
27.5,2.21925e-007
27.51,2.22145e-007
27.52,2.22367e-007
27.53,2.22588e-007
27.54,2.2281e-007
27.55,2.23032e-007
27.56,2.23255e-007
27.57,2.23478e-007
27.58,2.23702e-007
27.59,2.23925e-007
27.6,2.2415e-007
27.61,2.24374e-007
27.62,2.24599e-007
27.63,2.24825e-007
27.64,2.25051e-007
27.65,2.25277e-007
27.66,2.25503e-007
27.67,2.2573e-007
27.68,2.25958e-007
27.69,2.26186e-007
27.7,2.26414e-007
27.71,2.26642e-007
27.72,2.26871e-007
27.73,2.27101e-007
27.74,2.2733e-007
27.75,2.27561e-007
27.76,2.27791e-007
27.77,2.28022e-007
27.78,2.28254e-007
27.79,2.28486e-007
27.8,2.28718e-007
27.81,2.2895e-007
27.82,2.29184e-007
27.83,2.29417e-007
27.84,2.29651e-007
27.85,2.29885e-007
27.86,2.3012e-007
27.87,2.30355e-007
27.88,2.30591e-007
27.89,2.30826e-007
27.9,2.31063e-007
27.91,2.313e-007
27.92,2.31537e-007
27.93,2.31774e-007
27.94,2.32013e-007
27.95,2.32251e-007
27.96,2.3249e-007
27.97,2.32729e-007
27.98,2.32969e-007
27.99,2.33209e-007
28,2.3345e-007
28.01,2.33691e-007
28.02,2.33932e-007
28.03,2.34174e-007
28.04,2.34417e-007
28.05,2.34659e-007
28.06,2.34903e-007
28.07,2.35146e-007
28.08,2.3539e-007
28.09,2.35635e-007
28.1,2.3588e-007
28.11,2.36125e-007
28.12,2.36371e-007
28.13,2.36617e-007
28.14,2.36864e-007
28.15,2.37111e-007
28.16,2.37359e-007
28.17,2.37607e-007
28.18,2.37855e-007
28.19,2.38104e-007
28.2,2.38353e-007
28.21,2.38603e-007
28.22,2.38854e-007
28.23,2.39104e-007
28.24,2.39355e-007
28.25,2.39607e-007
28.26,2.39859e-007
28.27,2.40112e-007
28.28,2.40365e-007
28.29,2.40618e-007
28.3,2.40872e-007
28.31,2.41127e-007
28.32,2.41381e-007
28.33,2.41637e-007
28.34,2.41892e-007
28.35,2.42149e-007
28.36,2.42405e-007
28.37,2.42663e-007
28.38,2.4292e-007
28.39,2.43178e-007
28.4,2.43437e-007
28.41,2.43696e-007
28.42,2.43955e-007
28.43,2.44215e-007
28.44,2.44476e-007
28.45,2.44737e-007
28.46,2.44998e-007
28.47,2.4526e-007
28.48,2.45523e-007
28.49,2.45785e-007
28.5,2.46049e-007
28.51,2.46313e-007
28.52,2.46577e-007
28.53,2.46842e-007
28.54,2.47107e-007
28.55,2.47373e-007
28.56,2.47639e-007
28.57,2.47906e-007
28.58,2.48173e-007
28.59,2.48441e-007
28.6,2.48709e-007
28.61,2.48978e-007
28.62,2.49247e-007
28.63,2.49517e-007
28.64,2.49787e-007
28.65,2.50058e-007
28.66,2.50329e-007
28.67,2.506e-007
28.68,2.50873e-007
28.69,2.51145e-007
28.7,2.51419e-007
28.71,2.51692e-007
28.72,2.51967e-007
28.73,2.52241e-007
28.74,2.52517e-007
28.75,2.52792e-007
28.76,2.53069e-007
28.77,2.53345e-007
28.78,2.53623e-007
28.79,2.53901e-007
28.8,2.54179e-007
28.81,2.54458e-007
28.82,2.54737e-007
28.83,2.55017e-007
28.84,2.55297e-007
28.85,2.55578e-007
28.86,2.5586e-007
28.87,2.56142e-007
28.88,2.56424e-007
28.89,2.56708e-007
28.9,2.56991e-007
28.91,2.57275e-007
28.92,2.5756e-007
28.93,2.57845e-007
28.94,2.58131e-007
28.95,2.58417e-007
28.96,2.58704e-007
28.97,2.58991e-007
28.98,2.59279e-007
28.99,2.59568e-007
29,2.59857e-007
29.01,2.60146e-007
29.02,2.60436e-007
29.03,2.60727e-007
29.04,2.61018e-007
29.05,2.6131e-007
29.06,2.61602e-007
29.07,2.61895e-007
29.08,2.62188e-007
29.09,2.62482e-007
29.1,2.62777e-007
29.11,2.63072e-007
29.12,2.63367e-007
29.13,2.63663e-007
29.14,2.6396e-007
29.15,2.64257e-007
29.16,2.64555e-007
29.17,2.64854e-007
29.18,2.65153e-007
29.19,2.65452e-007
29.2,2.65753e-007
29.21,2.66053e-007
29.22,2.66355e-007
29.23,2.66656e-007
29.24,2.66959e-007
29.25,2.67262e-007
29.26,2.67566e-007
29.27,2.6787e-007
29.28,2.68174e-007
29.29,2.6848e-007
29.3,2.68786e-007
29.31,2.69092e-007
29.32,2.69399e-007
29.33,2.69707e-007
29.34,2.70015e-007
29.35,2.70324e-007
29.36,2.70634e-007
29.37,2.70944e-007
29.38,2.71255e-007
29.39,2.71566e-007
29.4,2.71878e-007
29.41,2.7219e-007
29.42,2.72503e-007
29.43,2.72817e-007
29.44,2.73131e-007
29.45,2.73446e-007
29.46,2.73762e-007
29.47,2.74078e-007
29.48,2.74395e-007
29.49,2.74712e-007
29.5,2.7503e-007
29.51,2.75349e-007
29.52,2.75668e-007
29.53,2.75988e-007
29.54,2.76308e-007
29.55,2.7663e-007
29.56,2.76951e-007
29.57,2.77274e-007
29.58,2.77597e-007
29.59,2.7792e-007
29.6,2.78244e-007
29.61,2.78569e-007
29.62,2.78895e-007
29.63,2.79221e-007
29.64,2.79548e-007
29.65,2.79875e-007
29.66,2.80203e-007
29.67,2.80532e-007
29.68,2.80861e-007
29.69,2.81191e-007
29.7,2.81522e-007
29.71,2.81853e-007
29.72,2.82185e-007
29.73,2.82518e-007
29.74,2.82851e-007
29.75,2.83185e-007
29.76,2.8352e-007
29.77,2.83855e-007
29.78,2.84191e-007
29.79,2.84528e-007
29.8,2.84865e-007
29.81,2.85203e-007
29.82,2.85542e-007
29.83,2.85881e-007
29.84,2.86221e-007
29.85,2.86561e-007
29.86,2.86903e-007
29.87,2.87245e-007
29.88,2.87587e-007
29.89,2.87931e-007
29.9,2.88275e-007
29.91,2.88619e-007
29.92,2.88965e-007
29.93,2.89311e-007
29.94,2.89658e-007
29.95,2.90005e-007
29.96,2.90353e-007
29.97,2.90702e-007
29.98,2.91052e-007
29.99,2.91402e-007
30,2.91753e-007
30.01,2.92105e-007
30.02,2.92457e-007
30.03,2.9281e-007
30.04,2.93164e-007
30.05,2.93518e-007
30.06,2.93874e-007
30.07,2.9423e-007
30.08,2.94586e-007
30.09,2.94944e-007
30.1,2.95302e-007
30.11,2.95661e-007
30.12,2.9602e-007
30.13,2.9638e-007
30.14,2.96741e-007
30.15,2.97103e-007
30.16,2.97466e-007
30.17,2.97829e-007
30.18,2.98193e-007
30.19,2.98558e-007
30.2,2.98923e-007
30.21,2.99289e-007
30.22,2.99656e-007
30.23,3.00024e-007
30.24,3.00392e-007
30.25,3.00761e-007
30.26,3.01131e-007
30.27,3.01502e-007
30.28,3.01873e-007
30.29,3.02245e-007
30.3,3.02618e-007
30.31,3.02992e-007
30.32,3.03367e-007
30.33,3.03742e-007
30.34,3.04118e-007
30.35,3.04495e-007
30.36,3.04872e-007
30.37,3.0525e-007
30.38,3.0563e-007
30.39,3.06009e-007
30.4,3.0639e-007
30.41,3.06772e-007
30.42,3.07154e-007
30.43,3.07537e-007
30.44,3.07921e-007
30.45,3.08305e-007
30.46,3.08691e-007
30.47,3.09077e-007
30.48,3.09464e-007
30.49,3.09852e-007
30.5,3.1024e-007
30.51,3.1063e-007
30.52,3.1102e-007
30.53,3.11411e-007
30.54,3.11803e-007
30.55,3.12196e-007
30.56,3.12589e-007
30.57,3.12983e-007
30.58,3.13378e-007
30.59,3.13774e-007
30.6,3.14171e-007
30.61,3.14569e-007
30.62,3.14967e-007
30.63,3.15366e-007
30.64,3.15767e-007
30.65,3.16167e-007
30.66,3.16569e-007
30.67,3.16972e-007
30.68,3.17375e-007
30.69,3.1778e-007
30.7,3.18185e-007
30.71,3.18591e-007
30.72,3.18998e-007
30.73,3.19405e-007
30.74,3.19814e-007
30.75,3.20223e-007
30.76,3.20634e-007
30.77,3.21045e-007
30.78,3.21457e-007
30.79,3.2187e-007
30.8,3.22284e-007
30.81,3.22698e-007
30.82,3.23114e-007
30.83,3.2353e-007
30.84,3.23947e-007
30.85,3.24366e-007
30.86,3.24785e-007
30.87,3.25205e-007
30.88,3.25625e-007
30.89,3.26047e-007
30.9,3.2647e-007
30.91,3.26893e-007
30.92,3.27318e-007
30.93,3.27743e-007
30.94,3.28169e-007
30.95,3.28597e-007
30.96,3.29025e-007
30.97,3.29454e-007
30.98,3.29884e-007
30.99,3.30314e-007
31,3.30746e-007
31.01,3.31179e-007
31.02,3.31613e-007
31.03,3.32047e-007
31.04,3.32483e-007
31.05,3.32919e-007
31.06,3.33356e-007
31.07,3.33795e-007
31.08,3.34234e-007
31.09,3.34674e-007
31.1,3.35115e-007
31.11,3.35557e-007
31.12,3.36e-007
31.13,3.36444e-007
31.14,3.36889e-007
31.15,3.37335e-007
31.16,3.37782e-007
31.17,3.3823e-007
31.18,3.38679e-007
31.19,3.39129e-007
31.2,3.3958e-007
31.21,3.40031e-007
31.22,3.40484e-007
31.23,3.40938e-007
31.24,3.41393e-007
31.25,3.41848e-007
31.26,3.42305e-007
31.27,3.42763e-007
31.28,3.43221e-007
31.29,3.43681e-007
31.3,3.44142e-007
31.31,3.44604e-007
31.32,3.45066e-007
31.33,3.4553e-007
31.34,3.45995e-007
31.35,3.46461e-007
31.36,3.46928e-007
31.37,3.47395e-007
31.38,3.47864e-007
31.39,3.48334e-007
31.4,3.48805e-007
31.41,3.49277e-007
31.42,3.4975e-007
31.43,3.50224e-007
31.44,3.50699e-007
31.45,3.51176e-007
31.46,3.51653e-007
31.47,3.52131e-007
31.48,3.5261e-007
31.49,3.53091e-007
31.5,3.53572e-007
31.51,3.54055e-007
31.52,3.54539e-007
31.53,3.55023e-007
31.54,3.55509e-007
31.55,3.55996e-007
31.56,3.56484e-007
31.57,3.56973e-007
31.58,3.57463e-007
31.59,3.57954e-007
31.6,3.58447e-007
31.61,3.5894e-007
31.62,3.59435e-007
31.63,3.5993e-007
31.64,3.60427e-007
31.65,3.60925e-007
31.66,3.61424e-007
31.67,3.61924e-007
31.68,3.62425e-007
31.69,3.62927e-007
31.7,3.63431e-007
31.71,3.63936e-007
31.72,3.64441e-007
31.73,3.64948e-007
31.74,3.65456e-007
31.75,3.65965e-007
31.76,3.66476e-007
31.77,3.66987e-007
31.78,3.675e-007
31.79,3.68014e-007
31.8,3.68529e-007
31.81,3.69045e-007
31.82,3.69562e-007
31.83,3.70081e-007
31.84,3.706e-007
31.85,3.71121e-007
31.86,3.71643e-007
31.87,3.72167e-007
31.88,3.72691e-007
31.89,3.73217e-007
31.9,3.73744e-007
31.91,3.74272e-007
31.92,3.74801e-007
31.93,3.75331e-007
31.94,3.75863e-007
31.95,3.76396e-007
31.96,3.7693e-007
31.97,3.77465e-007
31.98,3.78002e-007
31.99,3.7854e-007
32,3.79079e-007
32.01,3.79619e-007
32.02,3.80161e-007
32.03,3.80704e-007
32.04,3.81248e-007
32.05,3.81793e-007
32.06,3.82339e-007
32.07,3.82887e-007
32.08,3.83436e-007
32.09,3.83987e-007
32.1,3.84538e-007
32.11,3.85091e-007
32.12,3.85646e-007
32.13,3.86201e-007
32.14,3.86758e-007
32.15,3.87316e-007
32.16,3.87875e-007
32.17,3.88436e-007
32.18,3.88998e-007
32.19,3.89562e-007
32.2,3.90126e-007
32.21,3.90692e-007
32.22,3.91259e-007
32.23,3.91828e-007
32.24,3.92398e-007
32.25,3.92969e-007
32.26,3.93542e-007
32.27,3.94116e-007
32.28,3.94691e-007
32.29,3.95268e-007
32.3,3.95846e-007
32.31,3.96425e-007
32.32,3.97006e-007
32.33,3.97588e-007
32.34,3.98172e-007
32.35,3.98757e-007
32.36,3.99343e-007
32.37,3.99931e-007
32.38,4.0052e-007
32.39,4.0111e-007
32.4,4.01702e-007
32.41,4.02295e-007
32.42,4.0289e-007
32.43,4.03486e-007
32.44,4.04084e-007
32.45,4.04682e-007
32.46,4.05283e-007
32.47,4.05885e-007
32.48,4.06488e-007
32.49,4.07093e-007
32.5,4.07699e-007
32.51,4.08306e-007
32.52,4.08915e-007
32.53,4.09526e-007
32.54,4.10138e-007
32.55,4.10751e-007
32.56,4.11366e-007
32.57,4.11982e-007
32.58,4.126e-007
32.59,4.1322e-007
32.6,4.1384e-007
32.61,4.14463e-007
32.62,4.15087e-007
32.63,4.15712e-007
32.64,4.16339e-007
32.65,4.16967e-007
32.66,4.17597e-007
32.67,4.18229e-007
32.68,4.18862e-007
32.69,4.19496e-007
32.7,4.20132e-007
32.71,4.2077e-007
32.72,4.21409e-007
32.73,4.2205e-007
32.74,4.22692e-007
32.75,4.23336e-007
32.76,4.23981e-007
32.77,4.24628e-007
32.78,4.25277e-007
32.79,4.25927e-007
32.8,4.26578e-007
32.81,4.27232e-007
32.82,4.27887e-007
32.83,4.28543e-007
32.84,4.29201e-007
32.85,4.29861e-007
32.86,4.30523e-007
32.87,4.31186e-007
32.88,4.3185e-007
32.89,4.32517e-007
32.9,4.33184e-007
32.91,4.33854e-007
32.92,4.34525e-007
32.93,4.35198e-007
32.94,4.35873e-007
32.95,4.36549e-007
32.96,4.37227e-007
32.97,4.37907e-007
32.98,4.38588e-007
32.99,4.39271e-007
33,4.39956e-007
33.01,4.40642e-007
33.02,4.4133e-007
33.03,4.4202e-007
33.04,4.42711e-007
33.05,4.43405e-007
33.06,4.441e-007
33.07,4.44797e-007
33.08,4.45495e-007
33.09,4.46195e-007
33.1,4.46897e-007
33.11,4.47601e-007
33.12,4.48307e-007
33.13,4.49014e-007
33.14,4.49723e-007
33.15,4.50434e-007
33.16,4.51147e-007
33.17,4.51861e-007
33.18,4.52577e-007
33.19,4.53295e-007
33.2,4.54015e-007
33.21,4.54737e-007
33.22,4.55461e-007
33.23,4.56186e-007
33.24,4.56913e-007
33.25,4.57642e-007
33.26,4.58373e-007
33.27,4.59106e-007
33.28,4.59841e-007
33.29,4.60577e-007
33.3,4.61316e-007
33.31,4.62056e-007
33.32,4.62798e-007
33.33,4.63542e-007
33.34,4.64288e-007
33.35,4.65036e-007
33.36,4.65786e-007
33.37,4.66538e-007
33.38,4.67291e-007
33.39,4.68047e-007
33.4,4.68805e-007
33.41,4.69564e-007
33.42,4.70325e-007
33.43,4.71089e-007
33.44,4.71854e-007
33.45,4.72622e-007
33.46,4.73391e-007
33.47,4.74162e-007
33.48,4.74936e-007
33.49,4.75711e-007
33.5,4.76488e-007
33.51,4.77268e-007
33.52,4.78049e-007
33.53,4.78833e-007
33.54,4.79618e-007
33.55,4.80406e-007
33.56,4.81195e-007
33.57,4.81987e-007
33.58,4.82781e-007
33.59,4.83576e-007
33.6,4.84374e-007
33.61,4.85174e-007
33.62,4.85976e-007
33.63,4.8678e-007
33.64,4.87587e-007
33.65,4.88395e-007
33.66,4.89206e-007
33.67,4.90018e-007
33.68,4.90833e-007
33.69,4.9165e-007
33.7,4.92469e-007
33.71,4.9329e-007
33.72,4.94114e-007
33.73,4.94939e-007
33.74,4.95767e-007
33.75,4.96597e-007
33.76,4.97429e-007
33.77,4.98264e-007
33.78,4.991e-007
33.79,4.99939e-007
33.8,5.0078e-007
33.81,5.01623e-007
33.82,5.02469e-007
33.83,5.03317e-007
33.84,5.04167e-007
33.85,5.05019e-007
33.86,5.05874e-007
33.87,5.06731e-007
33.88,5.0759e-007
33.89,5.08451e-007
33.9,5.09315e-007
33.91,5.10181e-007
33.92,5.1105e-007
33.93,5.11921e-007
33.94,5.12794e-007
33.95,5.13669e-007
33.96,5.14547e-007
33.97,5.15427e-007
33.98,5.1631e-007
33.99,5.17195e-007
34,5.18083e-007
34.01,5.18972e-007
34.02,5.19865e-007
34.03,5.20759e-007
34.04,5.21656e-007
34.05,5.22556e-007
34.06,5.23458e-007
34.07,5.24362e-007
34.08,5.25269e-007
34.09,5.26179e-007
34.1,5.2709e-007
34.11,5.28005e-007
34.12,5.28922e-007
34.13,5.29841e-007
34.14,5.30763e-007
34.15,5.31687e-007
34.16,5.32614e-007
34.17,5.33544e-007
34.18,5.34476e-007
34.19,5.35411e-007
34.2,5.36348e-007
34.21,5.37288e-007
34.22,5.3823e-007
34.23,5.39175e-007
34.24,5.40123e-007
34.25,5.41073e-007
34.26,5.42026e-007
34.27,5.42981e-007
34.28,5.4394e-007
34.29,5.44901e-007
34.3,5.45864e-007
34.31,5.4683e-007
34.32,5.47799e-007
34.33,5.48771e-007
34.34,5.49745e-007
34.35,5.50722e-007
34.36,5.51702e-007
34.37,5.52684e-007
34.38,5.5367e-007
34.39,5.54658e-007
34.4,5.55649e-007
34.41,5.56642e-007
34.42,5.57639e-007
34.43,5.58638e-007
34.44,5.5964e-007
34.45,5.60645e-007
34.46,5.61652e-007
34.47,5.62663e-007
34.48,5.63676e-007
34.49,5.64693e-007
34.5,5.65712e-007
34.51,5.66734e-007
34.52,5.67759e-007
34.53,5.68786e-007
34.54,5.69817e-007
34.55,5.70851e-007
34.56,5.71888e-007
34.57,5.72927e-007
34.58,5.7397e-007
34.59,5.75015e-007
34.6,5.76064e-007
34.61,5.77115e-007
34.62,5.7817e-007
34.63,5.79228e-007
34.64,5.80288e-007
34.65,5.81352e-007
34.66,5.82419e-007
34.67,5.83488e-007
34.68,5.84561e-007
34.69,5.85637e-007
34.7,5.86716e-007
34.71,5.87799e-007
34.72,5.88884e-007
34.73,5.89972e-007
34.74,5.91064e-007
34.75,5.92159e-007
34.76,5.93257e-007
34.77,5.94358e-007
34.78,5.95462e-007
34.79,5.9657e-007
34.8,5.97681e-007
34.81,5.98795e-007
34.82,5.99912e-007
34.83,6.01033e-007
34.84,6.02157e-007
34.85,6.03284e-007
34.86,6.04414e-007
34.87,6.05548e-007
34.88,6.06685e-007
34.89,6.07826e-007
34.9,6.08969e-007
34.91,6.10117e-007
34.92,6.11267e-007
34.93,6.12421e-007
34.94,6.13579e-007
34.95,6.14739e-007
34.96,6.15904e-007
34.97,6.17071e-007
34.98,6.18242e-007
34.99,6.19417e-007
35,6.20595e-007
35.01,6.21777e-007
35.02,6.22962e-007
35.03,6.24151e-007
35.04,6.25343e-007
35.05,6.26539e-007
35.06,6.27738e-007
35.07,6.28941e-007
35.08,6.30147e-007
35.09,6.31358e-007
35.1,6.32571e-007
35.11,6.33789e-007
35.12,6.3501e-007
35.13,6.36235e-007
35.14,6.37463e-007
35.15,6.38695e-007
35.16,6.39931e-007
35.17,6.41171e-007
35.18,6.42414e-007
35.19,6.43661e-007
35.2,6.44912e-007
35.21,6.46167e-007
35.22,6.47425e-007
35.23,6.48688e-007
35.24,6.49954e-007
35.25,6.51224e-007
35.26,6.52498e-007
35.27,6.53776e-007
35.28,6.55058e-007
35.29,6.56343e-007
35.3,6.57633e-007
35.31,6.58926e-007
35.32,6.60224e-007
35.33,6.61525e-007
35.34,6.62831e-007
35.35,6.6414e-007
35.36,6.65454e-007
35.37,6.66771e-007
35.38,6.68093e-007
35.39,6.69419e-007
35.4,6.70748e-007
35.41,6.72082e-007
35.42,6.7342e-007
35.43,6.74763e-007
35.44,6.76109e-007
35.45,6.7746e-007
35.46,6.78814e-007
35.47,6.80173e-007
35.48,6.81537e-007
35.49,6.82904e-007
35.5,6.84276e-007
35.51,6.85652e-007
35.52,6.87032e-007
35.53,6.88417e-007
35.54,6.89806e-007
35.55,6.91199e-007
35.56,6.92597e-007
35.57,6.93999e-007
35.58,6.95406e-007
35.59,6.96817e-007
35.6,6.98232e-007
35.61,6.99652e-007
35.62,7.01077e-007
35.63,7.02505e-007
35.64,7.03939e-007
35.65,7.05377e-007
35.66,7.06819e-007
35.67,7.08267e-007
35.68,7.09718e-007
35.69,7.11175e-007
35.7,7.12636e-007
35.71,7.14102e-007
35.72,7.15572e-007
35.73,7.17047e-007
35.74,7.18527e-007
35.75,7.20011e-007
35.76,7.21501e-007
35.77,7.22995e-007
35.78,7.24494e-007
35.79,7.25997e-007
35.8,7.27506e-007
35.81,7.29019e-007
35.82,7.30538e-007
35.83,7.32061e-007
35.84,7.33589e-007
35.85,7.35122e-007
35.86,7.3666e-007
35.87,7.38203e-007
35.88,7.39751e-007
35.89,7.41305e-007
35.9,7.42863e-007
35.91,7.44426e-007
35.92,7.45994e-007
35.93,7.47568e-007
35.94,7.49147e-007
35.95,7.5073e-007
35.96,7.52319e-007
35.97,7.53914e-007
35.98,7.55513e-007
35.99,7.57118e-007
36,7.58728e-007
36.01,7.60343e-007
36.02,7.61964e-007
36.03,7.6359e-007
36.04,7.65221e-007
36.05,7.66858e-007
36.06,7.685e-007
36.07,7.70148e-007
36.08,7.71801e-007
36.09,7.73459e-007
36.1,7.75123e-007
36.11,7.76793e-007
36.12,7.78468e-007
36.13,7.80149e-007
36.14,7.81836e-007
36.15,7.83528e-007
36.16,7.85225e-007
36.17,7.86929e-007
36.18,7.88638e-007
36.19,7.90353e-007
36.2,7.92074e-007
36.21,7.938e-007
36.22,7.95532e-007
36.23,7.97271e-007
36.24,7.99015e-007
36.25,8.00764e-007
36.26,8.0252e-007
36.27,8.04282e-007
36.28,8.0605e-007
36.29,8.07824e-007
36.3,8.09603e-007
36.31,8.11389e-007
36.32,8.13181e-007
36.33,8.14979e-007
36.34,8.16784e-007
36.35,8.18594e-007
36.36,8.20411e-007
36.37,8.22233e-007
36.38,8.24062e-007
36.39,8.25898e-007
36.4,8.2774e-007
36.41,8.29588e-007
36.42,8.31442e-007
36.43,8.33303e-007
36.44,8.3517e-007
36.45,8.37044e-007
36.46,8.38924e-007
36.47,8.4081e-007
36.48,8.42704e-007
36.49,8.44604e-007
36.5,8.4651e-007
36.51,8.48423e-007
36.52,8.50343e-007
36.53,8.52269e-007
36.54,8.54202e-007
36.55,8.56142e-007
36.56,8.58089e-007
36.57,8.60043e-007
36.58,8.62003e-007
36.59,8.6397e-007
36.6,8.65945e-007
36.61,8.67926e-007
36.62,8.69914e-007
36.63,8.71909e-007
36.64,8.73911e-007
36.65,8.75921e-007
36.66,8.77937e-007
36.67,8.79961e-007
36.68,8.81992e-007
36.69,8.8403e-007
36.7,8.86075e-007
36.71,8.88128e-007
36.72,8.90187e-007
36.73,8.92255e-007
36.74,8.94329e-007
36.75,8.96411e-007
36.76,8.98501e-007
36.77,9.00598e-007
36.78,9.02703e-007
36.79,9.04815e-007
36.8,9.06934e-007
36.81,9.09062e-007
36.82,9.11197e-007
36.83,9.1334e-007
36.84,9.1549e-007
36.85,9.17649e-007
36.86,9.19815e-007
36.87,9.21989e-007
36.88,9.24171e-007
36.89,9.26361e-007
36.9,9.28559e-007
36.91,9.30764e-007
36.92,9.32978e-007
36.93,9.352e-007
36.94,9.37431e-007
36.95,9.39669e-007
36.96,9.41916e-007
36.97,9.4417e-007
36.98,9.46434e-007
36.99,9.48705e-007
37,9.50985e-007
37.01,9.53273e-007
37.02,9.5557e-007
37.03,9.57875e-007
37.04,9.60189e-007
37.05,9.62511e-007
37.06,9.64842e-007
37.07,9.67182e-007
37.08,9.6953e-007
37.09,9.71887e-007
37.1,9.74253e-007
37.11,9.76628e-007
37.12,9.79012e-007
37.13,9.81404e-007
37.14,9.83806e-007
37.15,9.86217e-007
37.16,9.88636e-007
37.17,9.91065e-007
37.18,9.93503e-007
37.19,9.9595e-007
37.2,9.98407e-007
37.21,1.00087e-006
37.22,1.00335e-006
37.23,1.00583e-006
37.24,1.00833e-006
37.25,1.01083e-006
37.26,1.01334e-006
37.27,1.01586e-006
37.28,1.0184e-006
37.29,1.02094e-006
37.3,1.02349e-006
37.31,1.02605e-006
37.32,1.02862e-006
37.33,1.0312e-006
37.34,1.03379e-006
37.35,1.03639e-006
37.36,1.03901e-006
37.37,1.04163e-006
37.38,1.04426e-006
37.39,1.0469e-006
37.4,1.04955e-006
37.41,1.05221e-006
37.42,1.05488e-006
37.43,1.05757e-006
37.44,1.06026e-006
37.45,1.06296e-006
37.46,1.06568e-006
37.47,1.0684e-006
37.48,1.07114e-006
37.49,1.07388e-006
37.5,1.07664e-006
37.51,1.07941e-006
37.52,1.08219e-006
37.53,1.08498e-006
37.54,1.08778e-006
37.55,1.09059e-006
37.56,1.09341e-006
37.57,1.09625e-006
37.58,1.09909e-006
37.59,1.10195e-006
37.6,1.10481e-006
37.61,1.10769e-006
37.62,1.11058e-006
37.63,1.11349e-006
37.64,1.1164e-006
37.65,1.11933e-006
37.66,1.12226e-006
37.67,1.12521e-006
37.68,1.12817e-006
37.69,1.13115e-006
37.7,1.13413e-006
37.71,1.13713e-006
37.72,1.14014e-006
37.73,1.14316e-006
37.74,1.14619e-006
37.75,1.14924e-006
37.76,1.15229e-006
37.77,1.15536e-006
37.78,1.15845e-006
37.79,1.16154e-006
37.8,1.16465e-006
37.81,1.16777e-006
37.82,1.1709e-006
37.83,1.17405e-006
37.84,1.17721e-006
37.85,1.18038e-006
37.86,1.18357e-006
37.87,1.18677e-006
37.88,1.18998e-006
37.89,1.1932e-006
37.9,1.19644e-006
37.91,1.19969e-006
37.92,1.20296e-006
37.93,1.20624e-006
37.94,1.20953e-006
37.95,1.21283e-006
37.96,1.21615e-006
37.97,1.21949e-006
37.98,1.22283e-006
37.99,1.2262e-006
38,1.22957e-006
38.01,1.23296e-006
38.02,1.23637e-006
38.03,1.23978e-006
38.04,1.24322e-006
38.05,1.24666e-006
38.06,1.25013e-006
38.07,1.2536e-006
38.08,1.25709e-006
38.09,1.2606e-006
38.1,1.26412e-006
38.11,1.26766e-006
38.12,1.27121e-006
38.13,1.27477e-006
38.14,1.27836e-006
38.15,1.28195e-006
38.16,1.28556e-006
38.17,1.28919e-006
38.18,1.29284e-006
38.19,1.29649e-006
38.2,1.30017e-006
38.21,1.30386e-006
38.22,1.30757e-006
38.23,1.31129e-006
38.24,1.31503e-006
38.25,1.31878e-006
38.26,1.32255e-006
38.27,1.32634e-006
38.28,1.33015e-006
38.29,1.33397e-006
38.3,1.3378e-006
38.31,1.34166e-006
38.32,1.34553e-006
38.33,1.34942e-006
38.34,1.35332e-006
38.35,1.35725e-006
38.36,1.36119e-006
38.37,1.36514e-006
38.38,1.36912e-006
38.39,1.37311e-006
38.4,1.37712e-006
38.41,1.38115e-006
38.42,1.38519e-006
38.43,1.38926e-006
38.44,1.39334e-006
38.45,1.39744e-006
38.46,1.40156e-006
38.47,1.40569e-006
38.48,1.40985e-006
38.49,1.41402e-006
38.5,1.41822e-006
38.51,1.42243e-006
38.52,1.42666e-006
38.53,1.43091e-006
38.54,1.43518e-006
38.55,1.43947e-006
38.56,1.44377e-006
38.57,1.4481e-006
38.58,1.45245e-006
38.59,1.45682e-006
38.6,1.4612e-006
38.61,1.46561e-006
38.62,1.47004e-006
38.63,1.47448e-006
38.64,1.47895e-006
38.65,1.48344e-006
38.66,1.48795e-006
38.67,1.49248e-006
38.68,1.49703e-006
38.69,1.5016e-006
38.7,1.50619e-006
38.71,1.51081e-006
38.72,1.51544e-006
38.73,1.5201e-006
38.74,1.52478e-006
38.75,1.52948e-006
38.76,1.53421e-006
38.77,1.53895e-006
38.78,1.54372e-006
38.79,1.54851e-006
38.8,1.55332e-006
38.81,1.55815e-006
38.82,1.56301e-006
38.83,1.56789e-006
38.84,1.5728e-006
38.85,1.57772e-006
38.86,1.58267e-006
38.87,1.58765e-006
38.88,1.59264e-006
38.89,1.59767e-006
38.9,1.60271e-006
38.91,1.60778e-006
38.92,1.61287e-006
38.93,1.61799e-006
38.94,1.62314e-006
38.95,1.6283e-006
38.96,1.6335e-006
38.97,1.63871e-006
38.98,1.64396e-006
38.99,1.64922e-006
39,1.65452e-006
39.01,1.65984e-006
39.02,1.66518e-006
39.03,1.67055e-006
39.04,1.67595e-006
39.05,1.68138e-006
39.06,1.68683e-006
39.07,1.6923e-006
39.08,1.69781e-006
39.09,1.70334e-006
39.1,1.7089e-006
39.11,1.71448e-006
39.12,1.7201e-006
39.13,1.72574e-006
39.14,1.73141e-006
39.15,1.73711e-006
39.16,1.74283e-006
39.17,1.74859e-006
39.18,1.75437e-006
39.19,1.76018e-006
39.2,1.76602e-006
39.21,1.77189e-006
39.22,1.77779e-006
39.23,1.78372e-006
39.24,1.78968e-006
39.25,1.79567e-006
39.26,1.80169e-006
39.27,1.80774e-006
39.28,1.81382e-006
39.29,1.81994e-006
39.3,1.82608e-006
39.31,1.83225e-006
39.32,1.83846e-006
39.33,1.8447e-006
39.34,1.85097e-006
39.35,1.85727e-006
39.36,1.8636e-006
39.37,1.86997e-006
39.38,1.87637e-006
39.39,1.8828e-006
39.4,1.88927e-006
39.41,1.89577e-006
39.42,1.9023e-006
39.43,1.90887e-006
39.44,1.91547e-006
39.45,1.9221e-006
39.46,1.92877e-006
39.47,1.93548e-006
39.48,1.94222e-006
39.49,1.949e-006
39.5,1.95581e-006
39.51,1.96266e-006
39.52,1.96954e-006
39.53,1.97646e-006
39.54,1.98342e-006
39.55,1.99041e-006
39.56,1.99744e-006
39.57,2.00451e-006
39.58,2.01161e-006
39.59,2.01876e-006
39.6,2.02594e-006
39.61,2.03316e-006
39.62,2.04042e-006
39.63,2.04772e-006
39.64,2.05506e-006
39.65,2.06243e-006
39.66,2.06985e-006
39.67,2.07731e-006
39.68,2.08481e-006
39.69,2.09235e-006
39.7,2.09992e-006
39.71,2.10755e-006
39.72,2.11521e-006
39.73,2.12291e-006
39.74,2.13066e-006
39.75,2.13845e-006
39.76,2.14628e-006
39.77,2.15416e-006
39.78,2.16208e-006
39.79,2.17004e-006
39.8,2.17805e-006
39.81,2.1861e-006
39.82,2.19419e-006
39.83,2.20233e-006
39.84,2.21052e-006
39.85,2.21875e-006
39.86,2.22703e-006
39.87,2.23536e-006
39.88,2.24373e-006
39.89,2.25215e-006
39.9,2.26061e-006
39.91,2.26913e-006
39.92,2.27769e-006
39.93,2.2863e-006
39.94,2.29496e-006
39.95,2.30367e-006
39.96,2.31243e-006
39.97,2.32124e-006
39.98,2.3301e-006
39.99,2.33901e-006
40,2.34797e-006
40.01,2.35698e-006
40.02,2.36604e-006
40.03,2.37516e-006
40.04,2.38433e-006
40.05,2.39355e-006
40.06,2.40283e-006
40.07,2.41216e-006
40.08,2.42154e-006
40.09,2.43098e-006
40.1,2.44048e-006
40.11,2.45003e-006
40.12,2.45964e-006
40.13,2.4693e-006
40.14,2.47902e-006
40.15,2.4888e-006
40.16,2.49863e-006
40.17,2.50853e-006
40.18,2.51848e-006
40.19,2.52849e-006
40.2,2.53856e-006
40.21,2.54869e-006
40.22,2.55888e-006
40.23,2.56914e-006
40.24,2.57945e-006
40.25,2.58983e-006
40.26,2.60027e-006
40.27,2.61077e-006
40.28,2.62133e-006
40.29,2.63196e-006
40.3,2.64266e-006
40.31,2.65342e-006
40.32,2.66424e-006
40.33,2.67513e-006
40.34,2.68609e-006
40.35,2.69712e-006
40.36,2.70821e-006
40.37,2.71937e-006
40.38,2.7306e-006
40.39,2.7419e-006
40.4,2.75327e-006
40.41,2.76471e-006
40.42,2.77622e-006
40.43,2.78781e-006
40.44,2.79946e-006
40.45,2.81119e-006
40.46,2.82299e-006
40.47,2.83487e-006
40.48,2.84682e-006
40.49,2.85884e-006
40.5,2.87094e-006
40.51,2.88312e-006
40.52,2.89538e-006
40.53,2.90771e-006
40.54,2.92012e-006
40.55,2.93261e-006
40.56,2.94519e-006
40.57,2.95784e-006
40.58,2.97057e-006
40.59,2.98338e-006
40.6,2.99628e-006
40.61,3.00926e-006
40.62,3.02233e-006
40.63,3.03548e-006
40.64,3.04871e-006
40.65,3.06203e-006
40.66,3.07544e-006
40.67,3.08893e-006
40.68,3.10252e-006
40.69,3.11619e-006
40.7,3.12995e-006
40.71,3.14381e-006
40.72,3.15775e-006
40.73,3.17179e-006
40.74,3.18592e-006
40.75,3.20014e-006
40.76,3.21446e-006
40.77,3.22888e-006
40.78,3.24339e-006
40.79,3.25799e-006
40.8,3.2727e-006
40.81,3.28751e-006
40.82,3.30241e-006
40.83,3.31742e-006
40.84,3.33252e-006
40.85,3.34773e-006
40.86,3.36305e-006
40.87,3.37846e-006
40.88,3.39399e-006
40.89,3.40962e-006
40.9,3.42535e-006
40.91,3.4412e-006
40.92,3.45715e-006
40.93,3.47321e-006
40.94,3.48939e-006
40.95,3.50567e-006
40.96,3.52207e-006
40.97,3.53859e-006
40.98,3.55522e-006
40.99,3.57196e-006
41,3.58883e-006
41.01,3.60581e-006
41.02,3.62291e-006
41.03,3.64013e-006
41.04,3.65747e-006
41.05,3.67494e-006
41.06,3.69253e-006
41.07,3.71024e-006
41.08,3.72808e-006
41.09,3.74605e-006
41.1,3.76415e-006
41.11,3.78238e-006
41.12,3.80074e-006
41.13,3.81923e-006
41.14,3.83785e-006
41.15,3.85661e-006
41.16,3.87551e-006
41.17,3.89454e-006
41.18,3.91371e-006
41.19,3.93302e-006
41.2,3.95247e-006
41.21,3.97207e-006
41.22,3.99181e-006
41.23,4.01169e-006
41.24,4.03173e-006
41.25,4.05191e-006
41.26,4.07224e-006
41.27,4.09272e-006
41.28,4.11335e-006
41.29,4.13414e-006
41.3,4.15509e-006
41.31,4.17619e-006
41.32,4.19745e-006
41.33,4.21887e-006
41.34,4.24045e-006
41.35,4.2622e-006
41.36,4.28411e-006
41.37,4.30618e-006
41.38,4.32843e-006
41.39,4.35085e-006
41.4,4.37343e-006
41.41,4.3962e-006
41.42,4.41913e-006
41.43,4.44225e-006
41.44,4.46554e-006
41.45,4.48901e-006
41.46,4.51267e-006
41.47,4.53651e-006
41.48,4.56053e-006
41.49,4.58475e-006
41.5,4.60915e-006
41.51,4.63375e-006
41.52,4.65854e-006
41.53,4.68352e-006
41.54,4.70871e-006
41.55,4.73409e-006
41.56,4.75968e-006
41.57,4.78547e-006
41.58,4.81146e-006
41.59,4.83767e-006
41.6,4.86408e-006
41.61,4.89071e-006
41.62,4.91755e-006
41.63,4.94461e-006
41.64,4.97189e-006
41.65,4.99939e-006
41.66,5.02712e-006
41.67,5.05507e-006
41.68,5.08325e-006
41.69,5.11166e-006
41.7,5.14031e-006
41.71,5.16919e-006
41.72,5.19831e-006
41.73,5.22768e-006
41.74,5.25728e-006
41.75,5.28714e-006
41.76,5.31724e-006
41.77,5.3476e-006
41.78,5.37821e-006
41.79,5.40907e-006
41.8,5.4402e-006
41.81,5.47159e-006
41.82,5.50325e-006
41.83,5.53518e-006
41.84,5.56738e-006
41.85,5.59985e-006
41.86,5.6326e-006
41.87,5.66564e-006
41.88,5.69895e-006
41.89,5.73256e-006
41.9,5.76646e-006
41.91,5.80065e-006
41.92,5.83513e-006
41.93,5.86992e-006
41.94,5.90501e-006
41.95,5.94041e-006
41.96,5.97612e-006
41.97,6.01215e-006
41.98,6.04849e-006
41.99,6.08516e-006
42,6.12215e-006
42.01,6.15947e-006
42.02,6.19712e-006
42.03,6.23511e-006
42.04,6.27344e-006
42.05,6.31211e-006
42.06,6.35113e-006
42.07,6.39051e-006
42.08,6.43024e-006
42.09,6.47033e-006
42.1,6.51079e-006
42.11,6.55162e-006
42.12,6.59282e-006
42.13,6.6344e-006
42.14,6.67636e-006
42.15,6.71871e-006
42.16,6.76145e-006
42.17,6.80459e-006
42.18,6.84813e-006
42.19,6.89207e-006
42.2,6.93643e-006
42.21,6.9812e-006
42.22,7.02639e-006
42.23,7.07201e-006
42.24,7.11806e-006
42.25,7.16454e-006
42.26,7.21147e-006
42.27,7.25884e-006
42.28,7.30667e-006
42.29,7.35495e-006
42.3,7.4037e-006
42.31,7.45292e-006
42.32,7.50261e-006
42.33,7.55278e-006
42.34,7.60344e-006
42.35,7.65459e-006
42.36,7.70625e-006
42.37,7.7584e-006
42.38,7.81107e-006
42.39,7.86426e-006
42.4,7.91797e-006
42.41,7.97221e-006
42.42,8.02699e-006
42.43,8.08231e-006
42.44,8.13819e-006
42.45,8.19462e-006
42.46,8.25162e-006
42.47,8.3092e-006
42.48,8.36735e-006
42.49,8.42609e-006
42.5,8.48542e-006
42.51,8.54536e-006
42.52,8.60591e-006
42.53,8.66708e-006
42.54,8.72887e-006
42.55,8.7913e-006
42.56,8.85437e-006
42.57,8.9181e-006
42.58,8.98248e-006
42.59,9.04753e-006
42.6,9.11326e-006
42.61,9.17968e-006
42.62,9.24679e-006
42.63,9.3146e-006
42.64,9.38313e-006
42.65,9.45238e-006
42.66,9.52237e-006
42.67,9.59309e-006
42.68,9.66457e-006
42.69,9.73682e-006
42.7,9.80983e-006
42.71,9.88363e-006
42.72,9.95822e-006
42.73,1.00336e-005
42.74,1.01098e-005
42.75,1.01869e-005
42.76,1.02648e-005
42.77,1.03435e-005
42.78,1.04231e-005
42.79,1.05035e-005
42.8,1.05849e-005
42.81,1.06671e-005
42.82,1.07503e-005
42.83,1.08343e-005
42.84,1.09194e-005
42.85,1.10053e-005
42.86,1.10922e-005
42.87,1.11801e-005
42.88,1.1269e-005
42.89,1.13589e-005
42.9,1.14498e-005
42.91,1.15417e-005
42.92,1.16347e-005
42.93,1.17287e-005
42.94,1.18238e-005
42.95,1.192e-005
42.96,1.20173e-005
42.97,1.21157e-005
42.98,1.22153e-005
42.99,1.2316e-005
43,1.24178e-005
43.01,1.25209e-005
43.02,1.26251e-005
43.03,1.27306e-005
43.04,1.28373e-005
43.05,1.29453e-005
43.06,1.30545e-005
43.07,1.31651e-005
43.08,1.32769e-005
43.09,1.33901e-005
43.1,1.35046e-005
43.11,1.36205e-005
43.12,1.37377e-005
43.13,1.38564e-005
43.14,1.39765e-005
43.15,1.40981e-005
43.16,1.42211e-005
43.17,1.43456e-005
43.18,1.44716e-005
43.19,1.45992e-005
43.2,1.47283e-005
43.21,1.4859e-005
43.22,1.49913e-005
43.23,1.51252e-005
43.24,1.52608e-005
43.25,1.53981e-005
43.26,1.5537e-005
43.27,1.56777e-005
43.28,1.58201e-005
43.29,1.59643e-005
43.3,1.61103e-005
43.31,1.62582e-005
43.32,1.64078e-005
43.33,1.65594e-005
43.34,1.67129e-005
43.35,1.68683e-005
43.36,1.70257e-005
43.37,1.71851e-005
43.38,1.73465e-005
43.39,1.751e-005
43.4,1.76755e-005
43.41,1.78432e-005
43.42,1.8013e-005
43.43,1.8185e-005
43.44,1.83592e-005
43.45,1.85356e-005
43.46,1.87144e-005
43.47,1.88954e-005
43.48,1.90788e-005
43.49,1.92645e-005
43.5,1.94527e-005
43.51,1.96433e-005
43.52,1.98364e-005
43.53,2.00321e-005
43.54,2.02303e-005
43.55,2.0431e-005
43.56,2.06344e-005
43.57,2.08405e-005
43.58,2.10493e-005
43.59,2.12609e-005
43.6,2.14752e-005
43.61,2.16923e-005
43.62,2.19124e-005
43.63,2.21353e-005
43.64,2.23612e-005
43.65,2.259e-005
43.66,2.28219e-005
43.67,2.30569e-005
43.68,2.3295e-005
43.69,2.35362e-005
43.7,2.37807e-005
43.71,2.40284e-005
43.72,2.42794e-005
43.73,2.45337e-005
43.74,2.47914e-005
43.75,2.50525e-005
43.76,2.53171e-005
43.77,2.55852e-005
43.78,2.58569e-005
43.79,2.61322e-005
43.8,2.64112e-005
43.81,2.66938e-005
43.82,2.69802e-005
43.83,2.72704e-005
43.84,2.75644e-005
43.85,2.78623e-005
43.86,2.81641e-005
43.87,2.847e-005
43.88,2.87798e-005
43.89,2.90937e-005
43.9,2.94118e-005
43.91,2.97339e-005
43.92,3.00603e-005
43.93,3.0391e-005
43.94,3.0726e-005
43.95,3.10652e-005
43.96,3.14089e-005
43.97,3.1757e-005
43.98,3.21096e-005
43.99,3.24667e-005
44,3.28283e-005
44.01,3.31945e-005
44.02,3.35654e-005
44.03,3.39409e-005
44.04,3.43211e-005
44.05,3.4706e-005
44.06,3.50957e-005
44.07,3.54902e-005
44.08,3.58896e-005
44.09,3.62937e-005
44.1,3.67028e-005
44.11,3.71167e-005
44.12,3.75356e-005
44.13,3.79594e-005
44.14,3.83882e-005
44.15,3.88219e-005
44.16,3.92606e-005
44.17,3.97043e-005
44.18,4.0153e-005
44.19,4.06066e-005
44.2,4.10653e-005
44.21,4.15289e-005
44.22,4.19975e-005
44.23,4.2471e-005
44.24,4.29494e-005
44.25,4.34327e-005
44.26,4.39209e-005
44.27,4.44139e-005
44.28,4.49117e-005
44.29,4.54142e-005
44.3,4.59214e-005
44.31,4.64332e-005
44.32,4.69495e-005
44.33,4.74703e-005
44.34,4.79955e-005
44.35,4.8525e-005
44.36,4.90587e-005
44.37,4.95965e-005
44.38,5.01383e-005
44.39,5.06839e-005
44.4,5.12332e-005
44.41,5.17861e-005
44.42,5.23424e-005
44.43,5.29019e-005
44.44,5.34645e-005
44.45,5.403e-005
44.46,5.45982e-005
44.47,5.51689e-005
44.48,5.57419e-005
44.49,5.63169e-005
44.5,5.68936e-005
44.51,5.74719e-005
44.52,5.80514e-005
44.53,5.86319e-005
44.54,5.9213e-005
44.55,5.97945e-005
44.56,6.0376e-005
44.57,6.09571e-005
44.58,6.15376e-005
44.59,6.2117e-005
44.6,6.26949e-005
44.61,6.32709e-005
44.62,6.38447e-005
44.63,6.44157e-005
44.64,6.49835e-005
44.65,6.55477e-005
44.66,6.61077e-005
44.67,6.6663e-005
44.68,6.72131e-005
44.69,6.77576e-005
44.7,6.82957e-005
44.71,6.8827e-005
44.72,6.93508e-005
44.73,6.98665e-005
44.74,7.03736e-005
44.75,7.08713e-005
44.76,7.1359e-005
44.77,7.18361e-005
44.78,7.23018e-005
44.79,7.27555e-005
44.8,7.31964e-005
44.81,7.36237e-005
44.82,7.40368e-005
44.83,7.44349e-005
44.84,7.48172e-005
44.85,7.51828e-005
44.86,7.55311e-005
44.87,7.58611e-005
44.88,7.61722e-005
44.89,7.64633e-005
44.9,7.67337e-005
